<dir>
      <title>****************Boss Blacked.com*****************</title>
    
      <link></link> 
          
      <thumbnail></thumbnail>
          
          
      <fanart></fanart>
        
      <summary></summary>

</dir>


<item>
<title>[BLACKED] Ariana Marie, Adria Rae - Two Girlfriends Share A BBC</title>
<link>https://oload.stream/stream/zjRMle8tgeI~1516944280~2601:c4::~rLvlO6n0</link>
<thumbnail>https://thumb.oloadcdn.net/splash/zjRMle8tgeI/Qvoctl8FlJU.jpg</thumbnail>
<fanart>http://pron.tv/thumbnailsource/711b8ae5c468d013290fcd0a1f5b5b0f</fanart>
<summary>Ariana Marie, Adria Rae - Two Girlfriends Share a BBC</summary>
</item>

<item>
        <title>Mia Malkova - My Own Private Tryout - Blacked</title>
        <meta>
                <content>movie</content>
                <imdb></imdb>
                <title>Mia Malkova - My Own Private Tryout - Blacked</title>
                <year>(2017)</year>
        </meta>
        <link>
                <sublink>https://www1329.playercdn.net/186/2/I8FLmOU6F2yDOYO_B-IfCg/1517089152/171221/968FMP4USSGCZBQ5TZE54.mp4 (Boss-HD Bitporno)</sublink>
				
			    <sublink>search</sublink>
        </link>
        <animated_thumbnail></animated_thumbnail>
        <thumbnail>https://www235.playercdn.net/thumb/3/171221/968FMP4V2VZ80NRKCKLUJ.jpg</thumbnail>
        <animated_fanart></animated_fanart>
        <fanart>https://www235.playercdn.net/thumb/0/171221/968FMP4UUZC27JIDBZNC4.jpg</fanart>
		<summary>My Own Private Tryout</summary>
</item>
