<dir>
      <title>****************Boss Full Movies*****************</title>
    
      <link></link> 
          
      <thumbnail></thumbnail>
          
          
      <fanart></fanart>
        
      <summary></summary>

</dir>


<item>
<title>Lexs Anal Champions 2</title>
<meta>
<content>movie</content>
<imdb></imdb>
<title>Lexs Anal Champions 2</title>
<year>2017</year>
    
</meta>
<link>
<sublink>http://144.217.254.50/myfiles/28457686/28457686-1479478576_1.mp4_1.mp4/?h=hJM3iv281EGRcI1fXJ-_ow&e=1517824800(BOSS-Part 1)</sublink>
<sublink>http://144.217.254.39/myfiles/28457686/28457686-1479478576_1.mp4_2.mp4/?h=0YnBakuJ7O2t5IBkzzhXwg&e=1517824800(BOSS-Part 2)</sublink>
<sublink>http://144.217.254.52/myfiles/28457686/28457686-1479478576_1.mp4_3.mp4/?h=nznIkileVMWKLyVlK1KwTw&e=1517824800(BOSS-Part 3)</sublink>
<sublink>http://144.217.254.40/myfiles/28457686/28457686-1479478576_2.mp4_1.mp4/?h=-FuqV4bnXtVWiGqKU2zDdQ&e=1517824800(BOSS-Part 4)</sublink>
<sublink>http://144.217.254.50/myfiles/28457686/28457686-1479478576_2.mp4_2.mp4/?h=t36MDgOr7GrYt3iNx9MjWQ&e=1517824800(BOSS-Part 5)</sublink>
<sublink>search</sublink>
<sublink>searchsd</sublink>
</link>
        
<thumbnail>http://cdn.hdporn4.me/hdporn4me_img/21160/1-430x0.jpg</thumbnail>
<fanart>https://caps2cdn.adultempire.com/o/3740/1920/1863740_05410_1920c.jpg</fanart>
</item>

<item>
<title>Phatty Girls Collection</title>
<meta>
<content>movie</content>
<imdb>tt1710444</imdb>
<title>Phatty Girls</title>
<year>2004</year>
    
</meta>
<link>
<sublink>https://vcdn118.spankbang.com/1/2/1273797-320p.mp4?st=2oo52XVFO74rzhAFHU8FzQ&e=1517977075&name=SpankBang_phatty+girls+4+justin+slayer_320p.mp4(BOSS-Phatty Girls 4)</sublink>
<sublink>https://vcdn54.spankbang.com/3/1/3173573-480p.mp4?st=ZtuKVAxOQ8EzAZijpxG4dA&e=1517977830&name=SpankBang_p+girls+5_480p.mp4(BOSS-Phatty Girls 5)</sublink>
<sublink>https://vcdn54.spankbang.com/3/1/3173573-480p.mp4?st=ZtuKVAxOQ8EzAZijpxG4dA&e=1517977830&name=SpankBang_p+girls+5_480p.mp4(BOSS-Phatty Girls 5)</sublink>
<sublink>https://vcdn236.spankbang.com/2/0/2053195-480p.mp4?st=cc9eCIsxLsd7PdgAhnH-3Q&e=1517978269&name=SpankBang_phatty+girls+10_480p.mp4(BOSS-Phatty Girls 10)</sublink>
<sublink>search</sublink>
<sublink>searchsd</sublink>
</link>
        
<thumbnail>https://imgs3cdn.adultempire.com/products/20/613820h.jpg</thumbnail>
<fanart>http://s5.depic.me/01487/12gj4s4ilwh2_o/phatty_girls_4_scene_2.mp4.jpg</fanart>
</item>


        
<thumbnail>hhttps://c8.cduniverse.ws/resized/380x570/ice/729/6849729.jpg</thumbnail>
<fanart>http://s5.depic.me/01506/rv36gm0znj9k_o/phatty_girls_5_scene_2.mp4.jpg</fanart>
</item>



<item>
          <title>My step brother fucked me 2</title>
          <link>https://vcdn115.spankbang.com/3/1/3115554-320p.mp4?st=zwQi8blvOlEEVtihgOpQxQ&e=1517895008</link>
          <animated_thumbnail></animated_thumbnail>
          <thumbnail></thumbnail>
          <animated_fanart></animated_fanart>
          <fanart></fanart>
		  <summary>Full Adult Movies</summary>
</item>