<dir>
<title>[COLOR=gold]Chicks with Guns[/COLOR]</title>
<tmdb>list/932</tmdb>
<thumbnail></thumbnail>
</dir>

<dir>
<title>[COLOR=gold]Classic Love[/COLOR]</title>
<trakt>https://api.trakt.tv/users/shanstark71/lists/classic-love/items</trakt>
<thumbnail></thumbnail>
</dir>

<dir>
<title>[COLOR=gold]Dramas[/COLOR]</title>
<trakt>https://api.trakt.tv/users/shanstark71/lists/dramas/items</trakt>
<thumbnail></thumbnail>
</dir>

<dir>
<title>[COLOR=gold]Feel Good Movies[/COLOR]</title>
<trakt>https://api.trakt.tv/users/shanstark71/lists/feel-good-movies/items</trakt>
<thumbnail></thumbnail>
</dir>

<dir>
<title>[COLOR=gold]Female Superheroes[/COLOR]</title>
<trakt>https://api.trakt.tv/users/shanstark71/lists/woman-superheroes-movies/items</trakt>
<thumbnail></thumbnail>
</dir>

<dir>
<title>[COLOR=gold]Greatest Characters[/COLOR]</title>
<trakt>https://api.trakt.tv/users/shanstark71/lists/greatest-female-characters/items</trakt>
<thumbnail></thumbnail>
</dir>

<dir>
<title>[COLOR=gold]Mother and Child Movies[/COLOR]</title>
<trakt>https://api.trakt.tv/users/shanstark71/lists/motherhood-movies/items</trakt>
<thumbnail></thumbnail>
</dir>

<dir>
<title>[COLOR=gold]Movies About Cooking[/COLOR]</title>
<trakt>https://api.trakt.tv/users/shanstark71/lists/cooking-movies/items</trakt>
<thumbnail></thumbnail>
</dir>

<dir>
<title>[COLOR=gold]Musicals[/COLOR]</title>
<trakt>https://api.trakt.tv/users/shanstark71/lists/music-and-movies/items</trakt>
<thumbnail></thumbnail>
</dir>

<dir>
<title>[COLOR=gold]Nicholas Sparks Novels[/COLOR]</title>
<trakt>https://api.trakt.tv/users/shanstark71/lists/nicholas-sparks-movies/items</trakt>
<thumbnail></thumbnail>
</dir>

<dir>
<title>[COLOR=gold]Past Love[/COLOR]</title>
<trakt>https://api.trakt.tv/users/shanstark71/lists/past-love/items</trakt>
<thumbnail></thumbnail>
</dir>

<dir>
<title>[COLOR=gold]Racy Movies[/COLOR]</title>
<trakt>https://api.trakt.tv/users/shanstark71/lists/racy-movies/items</trakt>
<thumbnail></thumbnail>
</dir>

<dir>
<title>[COLOR=gold]Romantic Comedies[/COLOR]</title>
<trakt>https://api.trakt.tv/users/shanstark71/lists/rom-coms/items</trakt>
<thumbnail></thumbnail>
</dir>

<dir>
<title>[COLOR=gold]SciFi/Fantasy Romance[/COLOR]</title>
<trakt>https://api.trakt.tv/users/shanstark71/lists/scifi-fantasy-romance/items</trakt>
<thumbnail></thumbnail>
</dir>

<dir>
<title>[COLOR=gold]The Divorce Collection[/COLOR]</title>
<trakt>https://api.trakt.tv/users/shanstark71/lists/divorce-collection/items</trakt>
<thumbnail></thumbnail>
</dir>

<dir>
<title>[COLOR=gold]The Wedding Collection[/COLOR]</title>
<trakt>https://api.trakt.tv/users/shanstark71/lists/wedding-collection/items</trakt>
<thumbnail></thumbnail>
</dir>

<dir>
<title>[COLOR=gold]Thrillers[/COLOR]</title>
<trakt>https://api.trakt.tv/users/shanstark71/lists/thrillers/items</trakt>
<thumbnail></thumbnail>
</dir>

<dir>
<title>[COLOR=gold]True Stories[/COLOR]</title>
<trakt>https://api.trakt.tv/users/shanstark71/lists/true-stories/items</trakt>
<thumbnail></thumbnail>
</dir>