<item>
<title>Chasing the Dragon 2017</title>
<meta>
<content>movie</content>
<imdb>tt6015328</imdb>
<title>Chasing the Dragon</title>
<year>2017</year>
</meta>
<link>
<sublink>http://dl5.dlsdm.ir/Movie/Foreign/1396/11/Chasing.the.Dragon.2017.720p.Ganool.mkv(Boss-720p)</sublink>        
<sublink>search</sublink>
<sublink>searchsd</sublink>
</link>
<thumbnail>http://dibamoviez.eu/wp-content/uploads/2017/12/Chasing-the-Dragon-2017.jpg</thumbnail>
<fanart>http://dibamoviez.eu/wp-content/uploads/2017/12/Chasing-the-Dragon-2017.jpg</fanart>
</item>