
<xml>
<dir>
      <title>****************Boss TrapFlix and Chill*****************</title>
    
      <link></link> 
          
      <thumbnail></thumbnail>
          
          
      <fanart></fanart>
        
      <summary></summary>

</dir>

<item>
<title>A Part Of the Game (2015)</title>
<meta>
<content>movie</content>
<imdb>tt5050144</imdb>
<title>A Part Of the Game</title>
<year>2015</year>
</meta>
<link>https://www.youtube.com/watch?v=wgbijQIY8tk</link>
<thumbnail>https://images-na.ssl-images-amazon.com/images/M/MV5BMGJiMTFmMzUtNGNkMS00ZWVhLThhMGItY2I3MGJhMjBlZmQ2XkEyXkFqcGdeQXVyNjI3OTIyNDM@._V1_.jpg</thumbnail>
<fanart>https://images-na.ssl-images-amazon.com/images/M/MV5BMGJiMTFmMzUtNGNkMS00ZWVhLThhMGItY2I3MGJhMjBlZmQ2XkEyXkFqcGdeQXVyNjI3OTIyNDM@._V1_.jpg</fanart>
</item>

<item>
<title>BRIDE OF A HUSTLA</title>
<meta>
<content>movie</content>
<imdb>tt7837578</imdb>
<title>BRIDE OF A HUSTLA</title>
<year>2017</year>
</meta>
<link>https://www.youtube.com/watch?v=KOZPO48QygM</link>
<thumbnail>https://images-na.ssl-images-amazon.com/images/M/MV5BYjA3NjExOGYtNmE5Ny00NDkwLTlkMmQtN2ZkMmQ0ZThlN2U3XkEyXkFqcGdeQXVyNzk3ODM0OTg@._V1_SY1000_SX750_AL_.jpg</thumbnail>
<fanart>https://images-na.ssl-images-amazon.com/images/M/MV5BMDlkNDYzMDYtNThkOC00YTU2LWIxMjAtN2VhYzY5YjFjMzI1XkEyXkFqcGdeQXVyNjk3NzYwMzQ@._V1_.jpg</fanart>
</item>

<item>
<title>"Brush" The Movie </title>
<link>https://www.youtube.com/watch?v=5caxAv4IQcA</link>
<thumbnail>http://hiphopsince1987.com/wp-content/uploads/2015/11/stream-or-purchase-black-deniros-new-movie-brush-HHS1987-2015.jpg</thumbnail>
<fanart>https://i.ytimg.com/vi/MynB5zmlS_s/maxresdefault.jpg</fanart>
<summary></summary>
</item>

<item>
<title>Jamaican Mafia (2015)</title>
<meta>
<content>movie</content>
<imdb>tt3629834</imdb>
<title>Jamaican Mafia</title>
<year>2015</year>
</meta>
<link>https://www.youtube.com/watch?v=4rGwYchB4hc</link>
<thumbnail>http://thesource.com/wp-content/uploads/2016/01/Jamaican-Mafia-movie.jpg</thumbnail>
<fanart>https://i.ytimg.com/vi/mRagz6VHtdA/maxresdefault.jpg</fanart>
</item>

<item>
<title>Mouse Trap</title>
<link>https://www.youtube.com/watch?v=BBb3Ge7Agak&t=361s</link>
<thumbnail>http://static.djbooth.net/pics-features/snoop-dogg-mouse-trap.jpg</thumbnail>
<fanart>http://static.djbooth.net/pics-features/snoop-dogg-mouse-trap.jpg</fanart>
<summary></summary>
</item>

<item>
<title>Mr. 2-17 Presents : HOTTLANTA The Movie</title>
<link>https://www.youtube.com/watch?v=BBb3Ge7Agak&t=361s</link>
<thumbnail>https://i.ytimg.com/vi/a0h5rbzeTc4/maxresdefault.jpg</thumbnail>
<fanart>https://i.ytimg.com/vi/a0h5rbzeTc4/maxresdefault.jpg</fanart>
<summary>Mr. 2-17 Presents : HOTTLANTA The Movie</summary>
</item>

<item>
<title>Snow On Tha Bluff</title>
<meta>
<content>movie</content>
<imdb>tt1719634</imdb>
<title>Snow On Tha Bluff</title>
<year>2011</year>
</meta>
<link>https://www.youtube.com/watch?v=MJAnencycUg</link>
<thumbnail>http://www.gstatic.com/tv/thumb/movieposters/8696417/p8696417_p_v8_aa.jpg</thumbnail>
<fanart>http://www.nappyafro.com/wp-content/uploads/2011/09/Snow-On-Tha-Bluff-Interview-2.jpg</fanart>
</item>




</xml>
