
<item>
<title>Scorched Earth (2018)</title>
<meta>
<content>movie</content>
<imdb>tt2392748</imdb>
<title>Scorched Earth</title>
<year>2018</year>
    
</meta>
<link>
<sublink>http://uptobox.com/jju43zjmjjua([COLOR=blue]BOSS-1080p[/COLOR])</sublink>	
<sublink>http://sv7.uploadt.com/Movie/2018.02/Scorched.Earth.2018.720p.WEB-DL.AVADL.ME.mkv([COLOR=red]BOSS-720p[/COLOR])</sublink>
<sublink>search</sublink>
<sublink>searchsd</sublink>
</link>
        
<thumbnail>https://image.tmdb.org/t/p/original/3EqgAHkESHZLK4MUHgK9s9882S2.jpg</thumbnail>
<fanart>https://image.tmdb.org/t/p/original/1myo0GkOIroOERFDzKi0H5wNRCs.jpg</fanart>
</item>


<item>
<title>Braven 2018</title>
<meta>
<content>movie</content>
<imdb>tt5001754</imdb>
<title>Braven</title>
<year>2018</year>
</meta>
<link>
<sublink>http://sv7.uploadt.com/Movie/2018.02/Braven.2018.720p.WEB-DL_AVADL.ME.mkv([COLOR=green]BOSS-720p[/COLOR])</sublink>
<sublink>http://dl.tinyz.info/94/96/11/Braven.2018.720p.WEB-DL.MkvCage.Tehmovies.mkv([COLOR=blue]BOSS-720p[/COLOR])</sublink>
<sublink>http://sv7.uploadt.com/Movie/2018.02/Daddys.Home.2.2017.720p.BRRip_AVADL.ME.mkv([COLOR=blue]BOSS-720p[/COLOR])</sublink>
<sublink>http://sv7.uploadt.com/Movie/2018.02/Braven.2018.720p.WEB-DL.x265.HEVC.AVADL.ME.mkv([COLOR=blue]BOSS-720p[/COLOR])</sublink>
<sublink>search</sublink>
<sublink>searchsd</sublink>
</link>
<thumbnail>https://images-na.ssl-images-amazon.com/images/M/MV5BMjM1ODUzMTU1NV5BMl5BanBnXkFtZTgwMzcwMzY1NDM@._V1_SY1000_CR0,0,674,1000_AL_.jpg</thumbnail>
<fanart>https://images-na.ssl-images-amazon.com/images/M/MV5BZTIzMDk4YzQtYzNiZi00NGViLWI1YmItMDI4NDA2MjgzNTk2XkEyXkFqcGdeQXVyNDM1MTM4Njc@._V1_.jpg</fanart>
</item>

<item>
<title>The Cloverfield Paradox 2018</title>
<meta>
<content>movie</content>
<imdb>tt2548396</imdb>
<title>The Cloverfield Paradox</title>
<year>2018</year>
    
</meta>
<link>
<sublink>http://dl5.dlsdm.ir/Movie/Foreign/Temporary/The.Cloverfield.Paradox.2018.1080p.WEB-DL.SiGMA.mkv([COLOR=green]BOSS-1080p[/COLOR])</sublink>
<sublink>http://dl5.dlsdm.ir/Movie/Foreign/Temporary/The.Cloverfield.Paradox.2018.1080p.WEB-DL.6CH.MkvCage.mkv([COLOR=yellow]BOSS-1080p[/COLOR])</sublink>
<sublink>http://dl5.dlsdm.ir/Movie/Foreign/Temporary/The.Cloverfield.Paradox.2018.1080p.WEB-DL.6CH.DibaMoviez.mkv([COLOR=purple]BOSS-1080p[/COLOR])</sublink>
<sublink>http://dl5.dlsdm.ir/Movie/Foreign/Temporary/The.Cloverfield.Paradox.2018.1080p.WEB-DL.x265.Hunter.mkv([COLOR=pink]BOSS-1080p[/COLOR])</sublink>
<sublink>http://dl5.dlsdm.ir/Movie/Foreign/Temporary/The.Cloverfield.Paradox.2018.720p.WEB-DL.MkvCage.mkv([COLOR=gold]BOSS-1080p[/COLOR])</sublink>
<sublink>http://dl5.dlsdm.ir/Movie/Foreign/Temporary/The.Cloverfield.Paradox.2018.720p.WEB-DL.x265.PSA.mkv([COLOR=brown]BOSS-1080p[/COLOR])</sublink>
<sublink>http://dl5.dlsdm.ir/Movie/Foreign/Temporary/The.Cloverfield.Paradox.2018.480p.WEB-DL.DibaMoviez.mkv([COLOR=blue]BOSS-480p[/COLOR])</sublink>
<sublink>search</sublink>
<sublink>searchsd</sublink>
</link>
        
<thumbnail>https://image.tmdb.org/t/p/original/rjEe41RQ2IRs6bXvEsGUQDRIyfL.jpg</thumbnail>
<fanart>https://image.tmdb.org/t/p/original/41S9hEL3p1rNYsXDvMRHVMn6oUf.jpg</fanart>
</item>

<item>
<title>The Ritual 2017</title>
<meta>
<content>movie</content>
<imdb>tt5638642</imdb>
<title>The Ritual</title>
<year>2017</year>
    
</meta>
<link>
<sublink>http://sv7.uploadt.com/Movie/2018.02/The.Ritual.2017.720p.WEB-DL.2CH.x265.HEVC_AVADL.ME.mkv([COLOR=green]BOSS-720p[/COLOR])</sublink>
<sublink>http://sv7.uploadt.com/Movie/2018.02/The.Ritual.2017.720p.WEB-DL_AVADL.ME.mkv([COLOR=blue]BOSS-720p[/COLOR])</sublink>	
<sublink>http://dl5.dlsdm.ir/Movie/Foreign/Temporary/The.Ritual.2017.1080p.WEB-DL.6CH.CMRG.mkv([COLOR=green]BOSS-1080p[/COLOR])</sublink>
<sublink>http://dl5.dlsdm.ir/Movie/Foreign/Temporary/The.Ritual.2017.1080p.WEB-DL.6CH.DibaMoviez.mkv([COLOR=yellow]BOSS-1080p[/COLOR])</sublink>
<sublink>http://dl5.dlsdm.ir/Movie/Foreign/Temporary/The.Ritual.2017.720p.WEB-DL.DibaMoviez.mkv([COLOR=purple]BOSS-720p[/COLOR])</sublink>
<sublink>http://dl5.dlsdm.ir/Movie/Foreign/Temporary/The.Ritual.2017.480p.WEB-DL.DibaMoviez.mkv([COLOR=pink]BOSS-480p[/COLOR])</sublink>
<sublink>search</sublink>
<sublink>searchsd</sublink>
</link>
        
<thumbnail>https://image.tmdb.org/t/p/original/9022CYEGqYETCeXN1oE3uwYJWub.jpg</thumbnail>
<fanart>https://image.tmdb.org/t/p/original/vaArQHq1lHFNppoJlMlv30Gs2fQ.jpg</fanart>
</item>

<item>
<title>Daddy's Home 2 - WEB-DL</title>
<meta>
<content>movie</content>
<imdb>tt5657846</imdb>
<title>Daddy's Home 2</title>
<year>2017</year>
</meta>
<link>
<sublink>http://sv7.uploadt.com/Movie/2018.02/Daddys.Home.2.2017.1080p.BRRip.6CH_AVADL.ME.mkv(BOSS-1080p)</sublink>
<sublink>http://sv7.uploadt.com/Movie/2018.02/Daddys.Home.2.2017.720p.BRRip_AVADL.ME.mkv(BOSS-720p)</sublink>	
<sublink>http://sv7.uploadt.com/Movie/2018.02/Daddys.Home.2.2017.720p.BrRip.x265.HEVC_AVADL.ME.mkv(BOSS-720p)</sublink>	
<sublink>http://uptobox.com/rv7etupawu39(BOSS-WEB-DL</sublink>
<sublink>https://a-4.1fichier.com/c76153906(BOSS-WEB-DL)</sublink>	
<sublink>https://openload.co/f/em6AsKc1WyM/Daddys_Home_2_2017_720p_WEB-DL_BOSS.mp4(BOSS-WEB-DL)</sublink>
<sublink>search</sublink>
<sublink>searchsd</sublink>
</link>
<thumbnail>https://image.tmdb.org/t/p/original/3AGW3S9iHQGI8eyhwClBYwv8rtG.jpg</thumbnail>
<fanart>https://image.tmdb.org/t/p/original/lMDyuHzBhx3zNAv48vYzmgcJCCD.jpg</fanart>
</item>

<item>
<title>In the Cloud (2018)</title>
<meta>
<content>movie</content>
<imdb>tt7381444</imdb>
<title>In the Cloud</title>
<year>2018</year>
</meta>
<link>
<sublink>http://sv7.uploadt.com/Movie/2018.02/In.the.Cloud.2018.720p.WEBRip.x264_AVADL.ME.mkv(BOSS-720p)</sublink>
<sublink>search</sublink>
<sublink>searchsd</sublink>
</link>
<thumbnail>https://image.tmdb.org/t/p/original/g5U95jGGKRpQmnDxn8s7l0KlzPh.jpg</thumbnail>
<fanart>https://image.tmdb.org/t/p/original/g5U95jGGKRpQmnDxn8s7l0KlzPh.jpg</fanart>
</item>