<dir>
      <title>****************Boss CAMS*****************</title>
    
      <link></link> 
          
      <thumbnail></thumbnail>
          
          
      <fanart></fanart>
        
      <summary></summary>

</dir>


<item>
<title>[COLOR gold]CAMS ETC[/COLOR]</title>
</item>

<item>
<title>12 Strong</title>
<meta>
<content>movie</content>
<imdb>tt1413492</imdb>
<title>12 Strong</title>
<year>2018</year>
    
</meta>
<link>
<sublink>https://openload.co/f/vOSKqsAz9g4/300mbcounter.Com_12_Strong_%282018%29_English_HDCAM-Rip_%7E_700Mb.mkv.mp4(HDCAM OL)</sublink>
<sublink>https://weshare.me/a01b391bc390a23e/12.Strong.2017.CAM.XViD-CMRG.avi(CAM Weshare)</sublink>
<sublink>searchsd</sublink>
</link>
        
<thumbnail>https://images-na.ssl-images-amazon.com/images/M/MV5BNTEzMjk3NzkxMV5BMl5BanBnXkFtZTgwNjY2NDczNDM@._V1_SY1000_CR0,0,674,1000_AL_.jpg</thumbnail>
<fanart>https://images-na.ssl-images-amazon.com/images/M/MV5BMGU1YjdmMmQtOWUzYi00MzFhLTljZDEtMzk5NDZmOWU4ZjdmXkEyXkFqcGdeQXVyMjMzOTQ1Nzg@._V1_SY1000_CR0,0,1333,1000_AL_.jpg</fanart>
</item>

<item>
<title>All the Money in the World</title>
<meta>
<content>movie</content>
<imdb>tt5294550</imdb>
<title>All the Money in the World</title>
<year>2017</year>
    
</meta>
<link>
<sublink>https://www.oboom.com/HBPUNLK4/All.the.Money.in.the.World.2017.HDCAM.x264-DiRG.mp4(OBOOM HDCAM RD)</sublink>
<sublink>https://openload.co/f/CHR5THGEgvc/All.the.Money.in.the.World.2017.HDCAM.x264-DiRG.mp4(HDCAM OL)</sublink>
<sublink>search</sublink>
<sublink>searchsd</sublink>
</link>
        
<thumbnail>https://images-na.ssl-images-amazon.com/images/M/MV5BNjY3Mjg0OTc1OF5BMl5BanBnXkFtZTgwNDU0MzAyNDM@._V1_.jpg</thumbnail>
<fanart>https://images-na.ssl-images-amazon.com/images/M/MV5BMjQwNjk5MzQ3MV5BMl5BanBnXkFtZTgwMTU5MTQ1MzI@._V1_SX1500_CR0,0,1500,999_AL_.jpg</fanart>
</item>

<item>
<title>The Commuter</title>
<meta>
<content>movie</content>
<imdb>tt1590193</imdb>
<title>The Commuter</title>
<year>2018</year>
    
</meta>
<link>
<sublink>https://weshare.me/5323da5acac66418/The_Commuter_2018_HDCAM_REPACK_X264-DADDY.mkv.mp4(HDCAM Weshare)</sublink>
<sublink>https://openload.co/f/Faf8ffhhlC4/The_Commuter_2018_HDCAM_REPACK_X264-DADDY.mkv.mp4(HDCAM OL)</sublink>
<sublink>https://streamcherry.com/f/kaatobmdrnbforrq/The_Commuter_2018_HDCAM_REPACK_X264-DADDY_mkv_mp4(HDCAM)</sublink>
<sublink>https://weshare.me/a1426ce37e363efa/The_Commuter_2018_HDCAM_REPACK_X264-DADDY.mkv.mp4(HDCAM Weshare)</sublink>
<sublink>search</sublink>
<sublink>searchsd</sublink>
</link>
        
<thumbnail>https://images-na.ssl-images-amazon.com/images/M/MV5BMTc0NDg1MjI4OV5BMl5BanBnXkFtZTgwMDIwMTEwNDI@._V1_SY1000_CR0,0,647,1000_AL_.jpg</thumbnail>
<fanart>https://images-na.ssl-images-amazon.com/images/M/MV5BZGMxNzhiOTAtOWUwNy00ZjExLThlYWQtMTViN2JjODdlNzA0XkEyXkFqcGdeQXVyNTc5OTMwOTQ@._V1_.jpg</fanart>
</item>

<item>
<title>Daddy's Home 2 - WEB-DL</title>
<meta>
<content>movie</content>
<imdb>tt5657846</imdb>
<title>Daddy's Home 2</title>
<year>2017</year>
</meta>
<link>
<sublink>http://uptobox.com/rv7etupawu39(BOSS-WEB-DL</sublink>
<sublink>https://a-4.1fichier.com/c76153906(BOSS-WEB-DL)</sublink>	
<sublink>https://openload.co/f/em6AsKc1WyM/Daddys_Home_2_2017_720p_WEB-DL_BOSS.mp4(BOSS-WEB-DL)</sublink>
<sublink>search</sublink>
<sublink>searchsd</sublink>
</link>
<thumbnail>https://image.tmdb.org/t/p/original/3AGW3S9iHQGI8eyhwClBYwv8rtG.jpg</thumbnail>
<fanart>https://image.tmdb.org/t/p/original/lMDyuHzBhx3zNAv48vYzmgcJCCD.jpg</fanart>
</item>

<item>
<title>Den Of Thieves</title>
<meta>
<content>movie</content>
<imdb>tt1259528</imdb>
<title>Den Of Th</title>
<year>2018</year>
    
</meta>
<link>
<sublink>https://streamango.com/f/nkaorlbeteqsadoe/Den_20of_20Thieves_202018_20720p_20HDCAM_20ENG_mp4(HDCAM)</sublink>
<sublink>https://streamango.com/f/fccqbnftboepmmcp/Den_20of_20Thieves_202018_20720p_20HDCAM_20ENG_mp4(HDCAM)</sublink>
<sublink>https://streamango.com/f/aokmbapasrqppnfc/Den_20of_20Thieves_202018_20720p_20HDCAM_20ENG_mp4(HDCAM)</sublink>
<sublink>https://streamango.com/f/mpqdsorkpsedqcnf/Den_20of_20Thieves_202018_20720p_20HDCAM_20ENG_mp4(HDCAM)</sublink>
<sublink>http://sv7.uploadet.ir/Movie/2018.01/Den.of.Thieves.2018.HDCAM.HQMIC.x264_AVADL.ME.mkv(BOSS-HDCAM)</sublink>
<sublink>search</sublink>
<sublink>searchsd</sublink>
</link>
        
<thumbnail>https://images-na.ssl-images-amazon.com/images/M/MV5BNGQ1ZDBhYWUtNjI3NS00NDJjLWEyMmItNTllM2M2Mjk1MTRhXkEyXkFqcGdeQXVyNDg2MjUxNjM@._V1_SY1000_SX675_AL_.jpg</thumbnail>
<fanart>https://images-na.ssl-images-amazon.com/images/M/MV5BNjlhMWFmMjQtMjUzOC00Y2YyLTljZDMtZGNkY2M5Y2IxM2E2XkEyXkFqcGdeQXVyNjY1MTcxNTQ@._V1_SY1000_SX1500_AL_.jpg</fanart>
</item>

<item>
<title>Downsizing - CAM</title>
<meta>
<content>movie</content>
<imdb>tt1389072</imdb>
<title>Downsizing</title>
<year>2017</year>
</meta>
<link>
<sublink>http://dl5.dlsdm.ir/Movie/Foreign/Temporary/Downsizing.2017.HDTS.720p.MkvCage.mkv(720p HDTS)</sublink>
<sublink>search</sublink>
<sublink>searchsd</sublink>
</link>
<thumbnail>https://image.tmdb.org/t/p/original/uLlmtN33rMuimRq6bu0OoNzCGGs.jpg</thumbnail>
<fanart>https://image.tmdb.org/t/p/original/rtr0l61RxLPkmZHbZj0WFlGx5G5.jpg</fanart>
</item>

<item>
<title>Ferdinand - New HDCAM</title>
<meta>
<content>movie</content>
<imdb>tt3411444</imdb>
<title>Ferdinand</title>
<year>2017</year>
</meta>
<link>
<sublink>http://uptobox.com/ng9dv8dqc9qw(New HDCAM)</sublink>
<sublink>search</sublink>
<sublink>searchsd</sublink>
</link>
<thumbnail>https://image.tmdb.org/t/p/original/qfuoOaCJLwNngfboYM7uxYaZvQx.jpg</thumbnail>
<fanart>https://image.tmdb.org/t/p/original/sTOhZruocNubL0HxjvdouwCEL9I.jpg</fanart>
</item>

<item>
<title>The Greatest Showman - CAM</title>
<meta>
<content>movie</content>
<imdb>tt1485796</imdb>
<title>The Greatest Showman</title>
<year>2017</year>
</meta>
<link>
<sublink>https://streamango.com/f/rbdrksqedelomeot(HD CAM ENG)</sublink>
<sublink>search</sublink>
<sublink>searchsd</sublink>
</link>
<thumbnail>https://image.tmdb.org/t/p/original/dfhztJRiElqmYW4kpvjYe1gENsD.jpg</thumbnail>
<fanart>https://image.tmdb.org/t/p/original/zpq404Sk7qQ7N4x3xOeNgp74GtU.jpg</fanart>
</item>

<item>
<title>Insidious The Last Key 2018 HDCAM</title>
<meta>
<content>movie</content>
<imdb>tt5726086</imdb>
<title>Insidious The Last Key</title>
<year>2018</year>
</meta>
<link>
<sublink>http://rapidgator.net/file/b90f405d17b167ba6ad9203b3aff9ace/Insidious.The.Last.Key.2018.NEW.HDCAM.X264.HQ-CPG.mkv.html(Boss-RD)</sublink>
<sublink>http://dl2.lavinmovie.ir/movie/2018/Insidious.The.Last.Key.2018.HDCAM-LavinMovie.mkv(HD CAM ENG)</sublink>
<sublink>https://openload.co/stream/nnkNPxRumpM~1517422105~2601:c4::~tmqxuHPJ([COLOR=gold]BOSS-TS[/COLOR])</sublink>
<sublink>search</sublink>
<sublink>searchsd</sublink>
</link>
<thumbnail>https://image.tmdb.org/t/p/original/nb9fc9INMg8kQ8L7sE7XTNsZnUX.jpg</thumbnail>
<fanart>https://image.tmdb.org/t/p/original/auSRjQyVLw212IjATAbO3KOyxZg.jpg</fanart>
</item>

<item>
<title>Jumanji Welcome to the Jungle - CAM</title>
<meta>
<content>movie</content>
<imdb>tt2283362</imdb>
<title>Jumanji Welcome to the Jungle</title>
<year>2017</year>
</meta>
<link>
<sublink>http://nitroflare.com/view/1ED94979B3A83CD/Scooby-Doo.and.Batman.the.Brave.and.the.Bold.2018.720p.WEB-DL.H264.AC3-EVO.mkv(TS New Audio Weshare)</sublink>
<sublink>http://nitroflare.com/view/1ED94979B3A83CD/Scooby-Doo.and.Batman.the.Brave.and.the.Bold.2018.720p.WEB-DL.H264.AC3-EVO.mkv(Boss-Test)</sublink>
<sublink>http://dl.funsaber.net/movie/96/10/Jumanji.Welcome.to.the.Jungle.2017.HDCAM.Ganool.mkv(BOSS-HDCAM)</sublink>
<sublink>search</sublink>
<sublink>searchsd</sublink>
</link>
<thumbnail>https://image.tmdb.org/t/p/original/bUzOyCgsb6FLXco6mxaNufY0joi.jpg</thumbnail>
<fanart>https://image.tmdb.org/t/p/original/rz3TAyd5kmiJmozp3GUbYeB5Kep.jpg</fanart>
</item>



<item>
<title>Paddington 2 (HD CAM)</title>
<meta>
<content>movie</content>
<imdb>tt4468740</imdb>
<title>Paddington 2</title>
<year>2017</year>
</meta>
<link>
<sublink>https://openload.co/f/wTgJ8GGgcRQ/Paddington.2.2017.HDTS.720p%255BFromAnime%255D.mkv(HDCAM OL)</sublink>
<sublink>http://fromv.ir/vip/Movie/Film/Paddington%202%202017/Paddington.2.2017.HDTS.720p%5BFromAnime%5D.mkv(HDCAM)</sublink>
<sublink>http://uptobox.com/asqlvcb9wqv7(HDCAM)</sublink>
<sublink>search</sublink>
<sublink>searchsd</sublink>
</link>
<animated_thumbnail></animated_thumbnail>
<thumbnail>https://image.tmdb.org/t/p/w185_and_h278_bestv2/gnXaUxdKD2t1B74cutWA5rjBLgD.jpg</thumbnail>
<animated_fanart></animated_fanart>
<fanart>https://image.tmdb.org/t/p/w533_and_h300_bestv2/vaFoWh0kBDrsqFVzgeWg7ayaBrr.jpg</fanart>
</item>

<item>
<title>The Post</title>
<meta>
<content>movie</content>
<imdb>tt6294822</imdb>
<title>The Post</title>
<year>2017</year>
    
</meta>
<link>
<sublink>https://openload.co/f/twmZN908duA/The_Post_%282017%29_%5B720p%5D_TSRip_700MB_MkvCage_mkv_mp4(HDTS 72Op OL)</sublink>
<sublink>https://weshare.me/d98d7f151c7e9e5f/The.Post.TS.720P-PRIVETIKSBET.mp4(HDTS 720p Weshare)</sublink>
<sublink>search</sublink>
<sublink>searchsd</sublink>
</link>
        
<thumbnail>https://image.tmdb.org/t/p/w640/5765ORvdKVX5bWmhEjjiOqLk3TH.jpg</thumbnail>
<fanart>https://image.tmdb.org/t/p/w533_and_h300_bestv2/8sb4aBST28vN3rBz704XJczS0Ld.jpg</fanart>
</item>

<item>
<title>Proud Mary</title>
<meta>
<content>movie</content>
<imdb>t6421110</imdb>
<title>Proud Mary</title>
<year>2018</year>
<summary>Mary (Taraji P. Henson) is a hit woman working for an organized crime family in Boston, whose life is completely turned around when she meets a young boy whose path she crosses when a professional hit goes bad.</summary>
    
</meta>
<link>
<sublink>https://oload.stream/stream/diVx4n8KCQ4~1516942270~2601:c4::~PKU-laYf(Boss-NEW HD-TS X264)</sublink>
<sublink>https://oload.stream/stream/jz3Mwf_kLI0~1516942601~2601:c4::~Dt6G_hZu(Boss-NEW XViD X264)</sublink>
<sublink>https://streamango.com/f/ktmsmabqdocfkcto/Proud_Mary_HDcam-Hackz_mp4(HDCAM)</sublink>
<sublink>https://streamango.com/f/kaqklbqrblllmrbk/Proud_Mary_HDcam-Hackz_mp4(HDCAM)</sublink>
<sublink>https://streamango.com/f/btaleancmcnsrdtr/Proud_Mary_HDcam-Hackz_mp4(HDCAM)</sublink>
<sublink>search</sublink>
<sublink>searchsd</sublink>
</link>
        
<thumbnail>https://images-na.ssl-images-amazon.com/images/M/MV5BMjA1MjI3MDU1MF5BMl5BanBnXkFtZTgwMjYwMTkxNDM@._V1_SY1000_CR0,0,674,1000_AL_.jpg</thumbnail>
<fanart>https://images-na.ssl-images-amazon.com/images/M/MV5BOGQ5ZjRlOWItZGJiOC00NjljLWI5YTUtNDlhYThjOWNkYjNkXkEyXkFqcGdeQXVyNjAwMjI5MDk@._V1_SX1777_CR0,0,1777,961_AL_.jpg</fanart>
</item>

<item>
<title>Maze Runner: The Death Cure (2018)</title>
<meta>
<content>movie</content>
<imdb>tt4500922</imdb>
<title>Maze Runner: The Death Cure</title>
<year>2017</year>
</meta>
<link>
<sublink>http://sv7.uploadet.ir/Movie/2018.01/Maze.Runner.3.2018.NEWSOURCE.HC.HDCAM_AVADL.ME.mkv(Boss-NEWSOURCE)</sublink>
<sublink>http://sv7.uploadet.ir/Movie/2018.01/Maze.Runner.The.Death.Cure.2018.ENG.HDCAM_AVADL.ME.mkv(Boss-ENG.HDCAM)</sublink>        
<sublink>https://oload.stream/stream/4OsHVI3uc28~1517243136~2601:c4::~aF0f-O2x(Boss-720p)</sublink>
<sublink>https://oload.stream/stream/5j64ilL2bb0~1517243268~2601:c4::~l7WszY2G(Boss-Cam)</sublink>
<sublink>search</sublink>
<sublink>searchsd</sublink>
</link>
<thumbnail>https://image.tmdb.org/t/p/original/2EBZeVp4I1UnH6pT78INflzMrtI.jpg</thumbnail>
<fanart>https://image.tmdb.org/t/p/original/bvbyidkMaBls1LTaIWYY6UmYTaL.jpg</fanart>
</item>

<item>
<title>Star Wars: The Last Jedi - TS</title>
<meta>
<content>movie</content>
<imdb>tt2527336</imdb>
<title>Star Wars: The Last Jedi</title>
<year>2017</year>
</meta>
<link>
<sublink>https://uptobox.com/bllka65yql3f(1080 HDTC)</sublink>        
<sublink>http://uptostream.com/8olx9cwm0ere(720P HDTC)</sublink>
<sublink>http://dl5.dlsdm.ir/Movie/Foreign/Temporary/Star.Wars.The.Last.Jedi.2017.TSRip.720p.Pahe.mkv(New TeleSync)</sublink>
<sublink>https://oload.stream/stream/vEaZ8YkwcU0~1517243742~2601:c4::~NEjgPkdo (Boss-720p)</sublink>
<sublink>https://oload.stream/stream/vEaZ8YkwcU0~1517243742~2601:c4::~NEjgPkdo (Boss-TS)</sublink>
<sublink>search</sublink>
<sublink>searchsd</sublink>
</link>
<thumbnail>https://image.tmdb.org/t/p/original/xGWVjewoXnJhvxKW619cMzppJDQ.jpg</thumbnail>
<fanart>https://image.tmdb.org/t/p/original/pX5Pc7KMq8LprkKLJNkTwDBoMwJ.jpg</fanart>
</item>


<item>
<title>Wonder</title>
<meta>
<content>movie</content>
<imdb>tt2543472</imdb>
<title>Wonder</title>
<year>2017</year>
    
</meta>
<link> 
<sublink>https://weshare.me/312da401d7a7b3dd/Wonder.mp4(HDTS Weshare)</sublink>     
<sublink>search</sublink>
<sublink>searchsd</sublink>
</link>
        
<thumbnail>https://image.tmdb.org/t/p/w640/ouYgAatYH4JzIThj6FI3UYf31RI.jpg</thumbnail>
<fanart>https://image.tmdb.org/t/p/w533_and_h300_bestv2/f1Jv532UM9j6zrV2XVkHL7HyyIW.jpg</fanart>
</item>


