<?xml version="1.0" encoding="UTF-8" standalone="yes"?>
################################ Movies Collections ##########################################
<poster>http://www.onelifetolive.ga/Scraper/Icons/poster.jpg</poster>
################################################################################

<dir>
      <title>****************Boss Collections*****************</title>
    
      <link></link> 
          
      <thumbnail></thumbnail>
          
          
      <fanart></fanart>
        
      <summary></summary>

</dir>

<dir>
        <title>Friday the 13th Collection (1980-2009)</title>

        <tmdb>collection/9735</tmdb>
          
        <animated_thumbnail></animated_thumbnail>
          
        <thumbnail>https://image.tmdb.org/t/p/w640/uobgqpLQff9WvxGKE2OSvXv1RHm.jpg</thumbnail>
          
        <animated_fanart></animated_fanart>
          
        <fanart>https://image.tmdb.org/t/p/w500_and_h281_bestv2/1KEbXBRupVIm0JDbHgZ23nEFEL4.jpg</fanart>
		
		<summary>The franchise mainly focuses on the fictional character Jason Voorhees, who drowned as a boy at Camp Crystal Lake due to the negligence of the camp staff. Decades later, the lake is rumored to be "cursed" and is the setting for a series of mass murders. Jason is featured in all of the films, as either the killer or the motivation for the killings.</summary>

</dir>

<dir>
        <title>Annabelle Collection (2014-2017)</title>

        <tmdb>collection/402074</tmdb>
          
        <animated_thumbnail></animated_thumbnail>
          
        <thumbnail>https://image.tmdb.org/t/p/w640/zJfExJWUgugWziREAikeAW69poY.jpg</thumbnail>
          
        <animated_fanart></animated_fanart>
          
        <fanart>https://image.tmdb.org/t/p/w640/zJfExJWUgugWziREAikeAW69poY.jpg</fanart>
		
		<summary>Annabelle is a 2014 American supernatural horror film directed by John R. Leonetti, produced by James Wan, and written by Gary Dauberman. It is both a prequel to and spin-off of The Conjuring and was inspired by a story of a doll named Annabelle told by Ed and Lorraine Warren. The film stars Annabelle Wallis, Ward Horton, and Alfre Woodard. The film was released worldwide on October 3, 2014. A sequel is currently in the works. In October 2015, it was reported that Gary Dauberman would be returning to write the script. On March 22, 2016, Warner Bros. slated the film for release on May 19, 2017.</summary>

</dir>

<dir>
        <title>A Nightmare on Elm Street Collection (1984-2010)</title>

        <tmdb>collection/8581</tmdb>
          
        <animated_thumbnail></animated_thumbnail>
          
        <thumbnail>https://image.tmdb.org/t/p/w640/BcgmrOz69AUBRukw5LLGeYsOgo.jpg</thumbnail>
          
        <animated_fanart></animated_fanart>
          
        <fanart>https://image.tmdb.org/t/p/original/gTfMXQ7jwWzgIlqTQOEB6TkZxr0.jpg</fanart>
		
		<summary>A slasher film series revolving around people who are stalked and killed in their dreams by Freddy Krueger.</summary>

</dir>


<dir>
        <title>The Godfather Collection (1972-1990)</title>

        <tmdb>collection/230</tmdb>
          
        <animated_thumbnail></animated_thumbnail>
          
        <thumbnail>https://image.tmdb.org/t/p/w640/7SJVjEDoo7xH62TS8stkqRk4Byo.jpg</thumbnail>
          
        <animated_fanart></animated_fanart>
          
        <fanart>https://image.tmdb.org/t/p/w185_and_h278_bestv2/bVq65huQ8vHDd1a4Z37QtuyEvpA.jpg</fanart>
		
		<summary>Overview

Francis Ford Coppola’s trilogy films about the everyday life of a New York mafia family. With its star-studded cast these films would go down in history as some of the greatest Hollywood has ever produced.</summary>

</dir>

<dir>
        <title>The Matrix Collection (1999-2003)</title>

        <tmdb>collection/2344</tmdb>
          
        <animated_thumbnail></animated_thumbnail>
          
        <thumbnail>https://image.tmdb.org/t/p/w640/lh4aGpd3U9rm9B8Oqr6CUgQLtZL.jpg</thumbnail>
          
        <animated_fanart></animated_fanart>
          
        <fanart>https://image.tmdb.org/t/p/w640/lh4aGpd3U9rm9B8Oqr6CUgQLtZL.jpg</fanart>
		
		<summary>Overview

The Matrix collection depicts a complex science fiction story incorporating many philosophical elements. Written and directed by the Wachowski brothers and produced by Joel Silver.
Number of Movies: 3
Revenue: $1,627,105,295
Genres: Adventure, Action, Thriller, Science Fiction</summary>

</dir>

<dir>
        <title>Rambo Collection (1982-2008)</title>

        <tmdb>collection/5039</tmdb>
          
        <animated_thumbnail></animated_thumbnail>
          
        <thumbnail>https://image.tmdb.org/t/p/w640/e5hbDOqB3eDNiPEWbRKyvlq648g.jpg</thumbnail>
          
        <animated_fanart></animated_fanart>
          
        <fanart>https://image.tmdb.org/t/p/w500_and_h281_bestv2/mgSMefETH89UnNWMffevxZPKDnO.jpg</fanart>
		
		<summary>Overview

Rambo is an action film series based on the David Morrell novel First Blood and starring Sylvester Stallone as John Rambo, a troubled Vietnam War veteran and former Green Beret who is skilled in many aspects of survival, weaponry, hand to hand combat and guerrilla warfare.
Number of Movies: 4
Revenue: $727,873,237
Genres: Adventure, Action, Thriller, War</summary>

</dir>

<dir>
        <title>Saw Collection (2004-2017)</title>

        <tmdb>collection/656</tmdb>
          
        <animated_thumbnail></animated_thumbnail>
          
        <thumbnail>https://image.tmdb.org/t/p/w640/xmC2A7qPEfiOkQC58fZh8srWQ5v.jpg</thumbnail>
          
        <animated_fanart></animated_fanart>
          
        <fanart>https://image.tmdb.org/t/p/w500_and_h281_bestv2/ytKpFaLMpFWnuSXStz1GHrtTt6R.jpg</fanart>
		
		<summary>Overview

The extremely successful horror film series about a mysterious murderer who gives his victims macabre riddles they must solve to earn their freedom. After a surprise debut film success Saw would be made into a multimedia franchise, spawning 7 installments.
Number of Movies: 8
Revenue: $878,307,806
Genres: Horror, Thriller, Crime, Mystery</summary>

</dir>

<dir>
        <title>Batman Collection (1989-1997)</title>

        <tmdb>collection/120794</tmdb>
          
        <animated_thumbnail></animated_thumbnail>
          
        <thumbnail>https://image.tmdb.org/t/p/w640/adQxUvQW8HXNsvMG5aj71pHh9T.jpg</thumbnail>
          
        <animated_fanart></animated_fanart>
          
        <fanart>https://image.tmdb.org/t/p/w500_and_h281_bestv2/h4tsxkwe0lRHBK1WHliNASK63IK.jpg</fanart>
		
		<summary>Overview

The Tim Burton and Joel Schumacher tetralogy film series of the DC Comics character Batman.</summary>

</dir>

<dir>
        <title>Daddy's Home Collection (2015-2017)</title>

        <tmdb>collection/473971</tmdb>
          
        <animated_thumbnail></animated_thumbnail>
          
        <thumbnail>https://image.tmdb.org/t/p/original/16w6DLmX0OqGT5qBdMpfpWh4VkU.jpg</thumbnail>
          
        <animated_fanart></animated_fanart>
          
        <fanart>https://image.tmdb.org/t/p/original/16w6DLmX0OqGT5qBdMpfpWh4VkU.jpg</fanart>
		
		<summary>Overview

The story of a mild-mannered radio executive who strives to become the best stepdad ever to his wife's two children, but complications ensue when their freewheeling, freeloading real father arrives, forcing stepdad to compete for the affection of the kids.</summary>

</dir>

<dir>
        <title>John Wick Collection (2014-2019)</title>

        <tmdb>collection/404609</tmdb>
          
        <animated_thumbnail></animated_thumbnail>
          
        <thumbnail>https://image.tmdb.org/t/p/original/xUidyvYFsbbuExifLkslpcd8SMc.jpg</thumbnail>
          
        <animated_fanart></animated_fanart>
          
        <fanart>https://image.tmdb.org/t/p/original/fSwYa5q2xRkBoOOjueLpkLf3N1m.jpg</fanart>
		
		<summary>Overview

John Wick is a 2014 American neo-noir action thriller film directed by Chad Stahelski and David Leitch and starring Keanu Reeves, Michael Nyqvist, Alfie Allen, Adrianne Palicki, Bridget Moynahan, Dean Winters, Ian McShane, John Leguizamo and Willem Dafoe. The film stars Reeves as John Wick, a retired hitman seeking vengeance for the theft of his vintage car and the killing of his puppy, a gift from his recently deceased wife. Stahelski and Leitch directed the film together, though Leitch was uncredited. A sequel, titled John Wick: Chapter 2, was released on February 10, 2017. Chapter 3 is due in 2019.</summary>

</dir>

<dir>
        <title>Child's Play Collection (1988-2017)</title>

        <tmdb>collection/10455</tmdb>
          
        <animated_thumbnail></animated_thumbnail>
          
        <thumbnail>https://image.tmdb.org/t/p/original/lEIB4LceemVhNeJDIYPK3MrlrjH.jpg</thumbnail>
          
        <animated_fanart></animated_fanart>
          
        <fanart>https://image.tmdb.org/t/p/original/AAhYXBVIEl6WgQnzfBsauTIC25.jpg</fanart>
		
		<summary>Overview

A horror film series franchise featuring Chucky, a killer Good Guys doll with the soul of a notorious serial killer.</summary>

</dir>

<dir>
        <title>Rocky Collection (1976-2018)</title>

        <tmdb>collection/1575</tmdb>
          
        <animated_thumbnail></animated_thumbnail>
          
        <thumbnail>https://image.tmdb.org/t/p/original/mCY5dMkSSFQufGCViI6jNUU6pXq.jpg</thumbnail>
          
        <animated_fanart></animated_fanart>
          
        <fanart>https://image.tmdb.org/t/p/original/w4h6gjdWPvmu5R9H6zeGDPo1ZuV.jpg</fanart>
		
		<summary>Overview

These sport drama films begin by telling the rags to riches American Dream story of Rocky Balboa, an uneducated but kind-hearted working class Italian-American boxer working as a debt collector for a loan shark in the slums of Philadelphia..</summary>

</dir>

<dir>
        <title>Back to the Future Collection (1985-1990)</title>

        <tmdb>collection/264</tmdb>
          
        <animated_thumbnail></animated_thumbnail>
          
        <thumbnail>https://image.tmdb.org/t/p/original/lDgFnn7GPU2tVQdPvWdx5CnfmQm.jpg</thumbnail>
          
        <animated_fanart></animated_fanart>
          
        <fanart>https://image.tmdb.org/t/p/original/jahCHmGrfVg66FWhwkibjJyszHT.jpg</fanart>
		
		<summary>Overview

The family friendly action packed, sci-fi Back to the Future movie collection.</summary>

</dir>

<dir>
        <title>Star Wars Collection (1977-2019)</title>

        <tmdb>collection/10</tmdb>
          
        <animated_thumbnail></animated_thumbnail>
          
        <thumbnail>https://image.tmdb.org/t/p/original/xAwL3ySFqWHYjpqXlQQXcbWCoII.jpg</thumbnail>
          
        <animated_fanart></animated_fanart>
          
        <fanart>https://image.tmdb.org/t/p/original/iY2ujEY2m68OTTlPFTiHub9joHS.jpg</fanart>
		
		<summary>Overview

An epic space opera theatrical film series that depicts the adventures of various characters "a long time ago in a galaxy far, far away".</summary>

</dir>

<dir>
        <title>Spider-Man Collection (2002-2007)</title>

        <tmdb>collection/556</tmdb>
          
        <animated_thumbnail></animated_thumbnail>
          
        <thumbnail>https://image.tmdb.org/t/p/w640/aNknE3vw8QC5gDHBRYpOz9gzuPc.jpg</thumbnail>
          
        <animated_fanart></animated_fanart>
          
        <fanart>https://image.tmdb.org/t/p/w500_and_h281_bestv2/p2frIQykQPj3dXSYVOca60RQj9X.jpg</fanart>
		
		<summary>The series of Spider-Man films, directed by Sam Raimi, beginning with Spider-Man in 2002. The films are very loosely inspired by the stories from the popular comic book series.</summary>

</dir>

<dir>
        <title>The Amazing Spider-Man Collection (2012-2014)</title>

        <tmdb>collection/125574</tmdb>
          
        <animated_thumbnail></animated_thumbnail>
          
        <thumbnail>https://image.tmdb.org/t/p/w640/piQPsiI7cKiftU06E34wEkOoYkc.jpg</thumbnail>
          
        <animated_fanart></animated_fanart>
          
        <fanart>https://image.tmdb.org/t/p/original/kA09IYsqmso7HASKE3ts7ngaf7p.jpg</fanart>
		
		<summary>Overview

A superhero film series based on the Marvel Comics character Spider-Man. It is a reboot of Sony's Spider-Man film franchise.</summary>

</dir>

<dir>
        <title>Die Hard Collection (1988-2013)</title>

        <tmdb>collection/1570</tmdb>
          
        <animated_thumbnail></animated_thumbnail>
          
        <thumbnail>https://image.tmdb.org/t/p/original/nglknikAiEbsF9CW5xV9fC378JH.jpg</thumbnail>
          
        <animated_fanart></animated_fanart>
          
        <fanart>https://image.tmdb.org/t/p/original/5kHVblr87FUScuab1PVSsK692IL.jpg</fanart>
		
		<summary>Overview

An action film series centered around the character of John McClane, a New York City police detective who finds himself fighting a group of terrorists in each film.</summary>

</dir>

<dir>
        <title>Alien Collection (1979-1997)</title>

        <tmdb>collection/8091</tmdb>
          
        <animated_thumbnail></animated_thumbnail>
          
        <thumbnail>https://image.tmdb.org/t/p/original/iVzIeC3PbG9BtDAudpwSNdKAgh6.jpg</thumbnail>
          
        <animated_fanart></animated_fanart>
          
        <fanart>https://image.tmdb.org/t/p/original/52Lhwd7srnktMFDYkfhtMoZdabT.jpg</fanart>
		
		<summary>Overview

A science fiction horror film franchise, focusing on Lieutenant Ellen Ripley (Sigourney Weaver) and her battle with an extraterrestrial life-form, commonly referred to as "the Alien". Produced by 20th Century Fox, the series started with the 1979 film Alien, then Aliens in 1986, Alien³ in 1992, and Alien: Resurrection in 1997.</summary>

</dir>

<dir>
        <title>Home Alone Collection (1990-2012)</title>

        <tmdb>collection/9888</tmdb>
          
        <animated_thumbnail></animated_thumbnail>
          
        <thumbnail>https://image.tmdb.org/t/p/original/5YVxPpnuZEhoKa44QWf50LxTmdb.jpg</thumbnail>
          
        <animated_fanart></animated_fanart>
          
        <fanart>https://image.tmdb.org/t/p/original/cYS2aWxECESUN2OS3JiLrKMmOko.jpg</fanart>
		
		<summary>Overview

Home Alone is a 1990 American family comedy film written and produced by John Hughes and directed by Chris Columbus. The film stars Macaulay Culkin as Kevin McCallister, an eight-year-old boy, who is mistakenly left behind when his family flies to Paris for their Christmas vacation. The film was followed by a commercially successful sequel in 1992, Home Alone 2: Lost in New York, which brings back the first film's cast. Home Alone 3, released in 1997, has completely different actors, and a different storyline. A fourth film followed in 2002, Home Alone 4. This film features some of the same characters featured in the first two films, but with a new cast and a storyline that does not fall into the same continuity. On November 25, 2012, a fifth film, Home Alone: The Holiday Heist premiered during ABC Family's 25 Days of Christmas programming event.</summary>

</dir>

<dir>
        <title>National Lampoon's Vacation Collection (1983-2015)</title>

        <tmdb>collection/108693</tmdb>
          
        <animated_thumbnail></animated_thumbnail>
          
        <thumbnail>https://image.tmdb.org/t/p/original/orWiXk16suvBgsWPElEOaWRvoRI.jpg</thumbnail>
          
        <animated_fanart></animated_fanart>
          
        <fanart>https://image.tmdb.org/t/p/original/pBmhj6KkEjlzc3e7jAPkIHgGIrE.jpg</fanart>
		
		<summary>Overview

The collection of movies featuring everyone's favorite family, the Griswold's!</summary>

</dir>

<dir>
        <title>Blade Collection (1998-2004)</title>

        <tmdb>collection/735</tmdb>
          
        <animated_thumbnail></animated_thumbnail>
          
        <thumbnail>https://image.tmdb.org/t/p/original/ltjxGZP6aJrwjl7oOZiiZhFgkF1.jpg</thumbnail>
          
        <animated_fanart></animated_fanart>
          
        <fanart>https://image.tmdb.org/t/p/original/ev9QybDDzVSahJQdOb71ZuqNVAo.jpg</fanart>
		
		<summary>Overview

The successful blockbuster vampire series with Wesley Snipes in the lead role.</summary>

</dir>

<dir>
        <title>The Terminator Collection (1984-2019)</title>

        <tmdb>collection/528</tmdb>
          
        <animated_thumbnail></animated_thumbnail>
          
        <thumbnail>https://image.tmdb.org/t/p/original/vxiKtcxAJxHhlg2H1X8y7zcM3k6.jpg</thumbnail>
          
        <animated_fanart></animated_fanart>
          
        <fanart>https://image.tmdb.org/t/p/original/tP1SCFnlYTHSMqp1yuFDVTQeLUD.jpg</fanart>
		
		<summary>Overview

A series of science-fiction films about the futuristic conflict between the humans led by John Connor and the terminators that are made and controlled by Skynet, a self-aware super computer that started Armageddon and may indeed end humanity for good. Skynet's most well-known products in its genocidal goals are the various terminator models, such as the T-800 (Model 101).</summary>

</dir>

<dir>
        <title>Star Wars Collection (1977-2019)</title>

        <tmdb>collection/10</tmdb>
          
        <animated_thumbnail></animated_thumbnail>
          
        <thumbnail>https://image.tmdb.org/t/p/original/ghd5zOQnDaDW1mxO7R5fXXpZMu.jpg</thumbnail>
          
        <animated_fanart></animated_fanart>
          
        <fanart>https://image.tmdb.org/t/p/original/sGxcMvC6mfCzEir0c1tldsPhZEF.jpg</fanart>
		
		<summary>Overview

An epic space opera theatrical film series that depicts the adventures of various characters "a long time ago in a galaxy far, far away"..</summary>

</dir>

<dir>
        <title>Jurassic Park Collection (1993-2018)</title>

        <tmdb>collection/328</tmdb>
          
        <animated_thumbnail></animated_thumbnail>
          
        <thumbnail>https://image.tmdb.org/t/p/original/qIm2nHXLpBBdMxi8dvfrnDkBUDh.jpg</thumbnail>
          
        <animated_fanart></animated_fanart>
          
        <fanart>https://image.tmdb.org/t/p/original/qIm2nHXLpBBdMxi8dvfrnDkBUDh.jpg</fanart>
		
		<summary>Overview

An American science fiction adventure film series based on the novel of the same name by Michael Crichton. The films center on the fictional Isla Nublar near Costa Rica in the Central American Pacific Coast, where a billionaire philanthropist and a small team of genetic scientists have created an amusement park of cloned dinosaurs.</summary>

</dir>

<dir>
        <title>X-Men Collection (2000-2018)</title>

        <tmdb>collection/748</tmdb>
          
        <animated_thumbnail></animated_thumbnail>
          
        <thumbnail>https://image.tmdb.org/t/p/original/1Zo4J5SAni8lyXt7NxJwJZ0f0ip.jpg</thumbnail>
          
        <animated_fanart></animated_fanart>
          
        <fanart>https://image.tmdb.org/t/p/original/roZFGw3Rg6VOYty9y4r5WvgvXoC.jpg</fanart>
		
		<summary>Overview

A superhero film series about a team of mutant superheroes based on the Marvel Comics superheroes of the same name.</summary>

</dir>

<dir>
        <title>The Fast and the Furious Collection (2001-2021)</title>

        <tmdb>collection/9485</tmdb>
          
        <animated_thumbnail></animated_thumbnail>
          
        <thumbnail>https://image.tmdb.org/t/p/original/mCkqJf4ijbNoBWvJ0RTWZJuhJUA.jpg</thumbnail>
          
        <animated_fanart></animated_fanart>
          
        <fanart>https://image.tmdb.org/t/p/original/z5A5W3WYJc3UVEWljSGwdjDgQ0j.jpg</fanart>
		
		<summary>Overview

An action film series centered on illegal street racing and heists.</summary>

</dir>


<dir>
        <title>Thor Collection (2011-2017)</title>

        <tmdb>collection/131296</tmdb>
          
        <animated_thumbnail></animated_thumbnail>
          
        <thumbnail>https://image.tmdb.org/t/p/original/yw7gr7DhHHVTLlO8Se8uH17TDMA.jpg</thumbnail>
          
        <animated_fanart></animated_fanart>
          
        <fanart>https://image.tmdb.org/t/p/original/3KL8UNKFWgIKXzLHjwY0uwgjzYl.jpg</fanart>
		
		<summary>Overview

A superhero film series based on the comic book character of the same name published by Marvel Comics, and part of the Marvel Cinematic Universe (MCU) film series. The series centers on Thor, the crown prince of Asgard.</summary>

</dir>

<dir>
        <title>Indiana Jones Collection (1981-2020)</title>

        <tmdb>collection/84</tmdb>
          
        <animated_thumbnail></animated_thumbnail>
          
        <thumbnail>https://image.tmdb.org/t/p/original/lpxDrACKJhbbGOlwVMNz5YCj6SI.jpg</thumbnail>
          
        <animated_fanart></animated_fanart>
          
        <fanart>https://image.tmdb.org/t/p/original/6kh59mZizZsttZPR0HAdXk6Ve2n.jpg</fanart>
		
		<summary>Overview

The Adventure films series from the Director George Lucas and Steven Spielberg, starring Harrison Ford as the archeologist Dr. Henry Walton "Indiana" Jones, Jr..</summary>

</dir>

<dir>
        <title>Wrong Turn Collection (2003-2014)</title>

        <tmdb>collection/52985</tmdb>
          
        <animated_thumbnail></animated_thumbnail>
          
        <thumbnail>https://image.tmdb.org/t/p/original/dtfQY5ZxvdHNG4HqNDy0ifwk1q6.jpg</thumbnail>
          
        <animated_fanart></animated_fanart>
          
        <fanart>https://image.tmdb.org/t/p/original/32IsLLCoj3mIkZbLfCKSXZVqd3k.jpg</fanart>
		
		<summary>Overview

Wrong Turn is a series of American horror slasher films created by Alan B. McElroy and Rob Schmidt. The series has grossed over $50 million in worldwide. The first series entry Wrong Turn was released on May 30, 2003. The second entry Wrong Turn 2 Dead End was released on October 9, 2007 followed by a third installment, Wrong Turn 3: Left for Dead, released October 20, 2009. Wrong Turn 4: Bloody Beginnings was released on October 17, 2011. The films follows a group of people fighting for their survival against a family of hideously deformed inbred cannibals who plan to ruthlessly butcher them all.</summary>

</dir>



<dir>
      <title>The Jaws Collection (1975-1987)</title>
      <tmdb>collection/2366</tmdb>
	  <thumbnail>https://image.tmdb.org/t/p/original/fgraZdDCvAtBr0MHczmL6raonHd.jpg</thumbnail>
	  <fanart>https://image.tmdb.org/t/p/original/1e2QvI2u7Q4d2admK6Xw0AjLjVp.jpg</fanart>
		
	  <summary>Overview

The classic horror films about a great white shark that’s been attacking people of the coast of New England and bringing terror to their beach vacations. The first film was a major box-office success bringing in almost 500 million world wide and spawning the blockbuster movie phenomena and three sequels.</summary>

</dir>


<dir>
      <title>The Bourne Collection (2002-2016)</title>
      <tmdb>collection/31562</tmdb>
	  <thumbnail>https://image.tmdb.org/t/p/original/5wcNRGQ5oexJlJUkHyIFT5org4Z.jpg</thumbnail>
	  <fanart>https://image.tmdb.org/t/p/original/vA5xMglyZv7yzDTj1qUTU4OvelV.jpg</fanart>
		
	  <summary>Overview

Matt Damon is Jason Bourne, an elite government agent determined to outwit and outmaneuver anyone who stands in the way of his finding out the secrets of his mysterious past. Follow his explosive, action-packed adventures in five blockbuster films from one of the most popular series of all time: The Bourne Identity, The Bourne Supremacy, The Bourne Ultimatum, The Bourne Legacy and Jason Bourne.</summary>
</dir>

    <dir>
      <title>Mission Impossible Collection (1996-2015)</title>
      <tmdb>collection/87359</tmdb>
	  <thumbnail>https://image.tmdb.org/t/p/original/x8hfUpv2IRaNHY6tYEesawEsBTI.jpg</thumbnail>
	  <fanart>https://image.tmdb.org/t/p/original/49L0c5utmm0A4BkeDafM9BOhyBT.jpg</fanart>
		
	  <summary>Overview

Matt Damon is Jason Bourne, an elite government agent determined to outwit and outmaneuver anyone who stands in the way of his finding out the secrets of his mysterious past. Follow his explosive, action-packed adventures in five blockbuster films from one of the most popular series of all time: The Bourne Identity, The Bourne Supremacy, The Bourne Ultimatum, The Bourne Legacy and Jason Bourne.</summary>
    </dir>
	
	
		<dir>
      <title>Planet of the Apes (Reboot) Collection (2011-2017)</title>
      <tmdb>collection/173710</tmdb>
	  <thumbnail>https://image.tmdb.org/t/p/original/csY0Y0cvxaQrn5SS91y66V6oukb.jpg</thumbnail>
	  	  <fanart>https://image.tmdb.org/t/p/original/mepJpyqVtD6P65vgCU1ngGFEjs5.jpg</fanart>
		
	  <summary>Overview
In 2005, screenwriters Rick Jaffa and Amanda Silver developed a concept for a new Planet of the Apes film, eventually titled Rise of the Planet of the Apes. Inspired by news articles on apes raised as humans and advances in genetics, Jaffa conceived an idea for a film about a genetically enhanced chimp raised in a human household. He and Silver pitched the concept to Fox as a way to reboot the Apes franchise by reinventing the story of the chimpanzee Caesar, the lead character of Conquest. In 2010, producers Peter Chernin and Dylan Clark of Chernin Entertainment stepped in to move the film forward, retaining Jaffa and Silver as writers. Rise was followed the sequel Dawn of the Planet of the Apes in 2014 and Dawn was followed by War for the Planet of the Apes in 2017. In October 2016, it was reported that a fourth Planet of the Apes film was being discussed.</summary>
    </dir>
	
	<dir>
      <title>Transformers Collection (2007-2019)</title>
      <tmdb>collection/8650</tmdb>
	  <thumbnail>https://image.tmdb.org/t/p/original/vOUPHWV8aGXq4yYQ2csje5LdT6g.jpg</thumbnail>
	  	  <fanart>https://image.tmdb.org/t/p/original/zvZBNNDWd5LcsIBpDhJyCB2MDT7.jpg</fanart>
		
	  <summary>Overview

The Transformers series follows the continuing battle between the Autobots and the Decepticons and ultimately, the triumph of good over evil. This collection includes the Theatrically Released Films of the transformers saga only.</summary>
</dir>
	
	<dir>
      <title>Night at the Museum Collection (2006-2014)</title>
      <tmdb>collection/85943</tmdb>
	  <thumbnail>https://image.tmdb.org/t/p/original/q2nwE0Qi8U6tsU5HDmiWS2D3dSJ.jpg</thumbnail>
	  	  <fanart>https://image.tmdb.org/t/p/original/fOmqiIXfJmeANciOTCN6WkKbwK.jpg</fanart>
		
	  <summary>Overview

The series of movies starring Ben Stiller as a night guard of the Museum of Natural History in New York City.</summary>
</dir>
	

	<dir>
      <title>The Lord of the Rings Collection (2001-2003)</title>
      <tmdb>collection/119</tmdb>
	  <thumbnail>https://image.tmdb.org/t/p/original/p4UokEk2XnjjRTdXGe6DLYXlbI1.jpg</thumbnail>
	  	  <fanart>https://image.tmdb.org/t/p/original/bccR2CGTWVVSZAG0yqmy3DIvhTX.jpg</fanart>
		
	  <summary>Overview

The Lord of the Rings trilogy consists of three epic fantasy films, based on the influential novels written by J. R. R. Tolkien, directed by Peter Jackson.</summary>
</dir>
	
	<dir>
      <title>The Hunger Games Collection (2012-2015)</title>
      <tmdb>collection/131635</tmdb>
	  <thumbnail>https://image.tmdb.org/t/p/original/ttbKy12hDjSHQcM7sCoeW1WsDlW.jpg</thumbnail>
	  	  <fanart>https://image.tmdb.org/t/p/original/zWiiLNg8yXv0he3tCH6XignPaYV.jpg</fanart>
		
	  <summary>Overview

A science fiction film series based on the novel of the same name by Suzanne Collins. The film series takes place in a dystopian post-apocalyptic future in the nation of Panem, featuring the protagonist, Katniss Everdeen.</summary>
</dir>
	
<dir>
      <title>Divergent Collection (2014-2016)</title>
      <tmdb>collection/283579</tmdb>
	  <thumbnail>https://image.tmdb.org/t/p/original/nXuCj7NcsC2bPJlwD6t2l9ZTDnt.jpg</thumbnail>
	  	  <fanart>https://image.tmdb.org/t/p/original/uExS9jcaFBM1wJhkn1Q1P0MFpv6.jpg</fanart>
		
	  <summary>Overview

A series of dystopian science fiction action films based on the Divergent novels by the American author Veronica Roth. Set in a dystopian and post-apocalyptic Chicago where people are divided into distinct factions based on human virtues. Beatrice Prior (Tris) is warned that she is Divergent and thus will never fit into any one of the factions. She along with Tobias Eaton (Four) soon learn that a sinister plot is brewing in the seemingly perfect society.</summary>
</dir>
	
<dir>
      <title>The Twilight Collection (2008-2012)</title>
      <tmdb>collection/33514</tmdb>
	  <thumbnail>https://image.tmdb.org/t/p/original/2o4zgGjVryMOPdNqLZWsSPqRkOH.jpg</thumbnail>
	  	  <fanart>https://image.tmdb.org/t/p/original/rv5b06YAvmekw0D6Ul2ps9JbH4C.jpg</fanart>
		
	  <summary>Overview

The Twilight movies are a romantic fantasy vampire series based on the series of novels by Stephenie Meyer.</summary>
</dir>
	
	<dir>
      <title>Dirty Harry Collection (1971-1988)</title>
      <tmdb>collection/10456</tmdb>
	  <thumbnail>https://image.tmdb.org/t/p/original/bS1ioomHh2emKAZ6vWn17UZnhDx.jpg</thumbnail>
	    <fanart>https://image.tmdb.org/t/p/original/nlpixhOhb3JmFqVXKjCwpYFpldf.jpg</fanart>
		
	  <summary>Overview

Dirty Harry is the name of a series of films and novels featuring fictional San Francisco Police Department Homicide Division Inspector "Dirty" Harry Callahan, portrayed by Clint Eastwood. Eastwood's character also helped popularize the .44 Magnum, as Harry Callahan is famously shown wielding his Smith & Wesson Model 29 revolver.</summary>
</dir>



	<dir>
      <title>Superman Collection</title>
      <tmdb>collection/8537</tmdb>
	  <thumbnail>https://orig00.deviantart.net/c4c1/f/2015/022/c/f/icon_folder_superman_by_nialixus-d8ex4qt.png</thumbnail>
</dir>


	<dir>
      <title>Iron Man Collection</title>
      <tmdb>collection/131292</tmdb>
	  <thumbnail>https://orig00.deviantart.net/cab8/f/2014/281/d/7/iron_man_collection_folder_icon_by_jesusofsuburbiatr-d8234au.png</thumbnail>
</dir>

	<dir>
      <title>Scary Movie Collection</title>
      <tmdb>collection/4246</tmdb>
	  <thumbnail>https://orig00.deviantart.net/b2cc/f/2016/077/1/1/scary_movie_collection_icon_folder_by_mohandor-d9vkjtv.png</thumbnail>
</dir>

	<dir>
      <title>Friday Collection</title>
      <tmdb>collection/43563</tmdb>
	  <thumbnail>https://orig00.deviantart.net/fb44/f/2015/073/d/e/friday_collection_movie_folder_icon_by_smokeu-d8loend.png</thumbnail>
</dir>


	<dir>
      <title>Halloween Collection</title>
      <tmdb>collection/91361</tmdb>
	  <thumbnail>https://orig00.deviantart.net/c3a9/f/2016/182/9/3/halloween_collection_folder_by_gremlin696-da8dxsu.png</thumbnail>
</dir>


	<dir>
      <title>Collection</title>
      <tmdb>collection/</tmdb>
	  <thumbnail></thumbnail>
</dir>

	
    <dir>
      <title>Animation Shows Collection</title>
      <tmdb>genre/shows/16</tmdb>
	  <thumbnail>https://orig00.deviantart.net/0a80/f/2017/030/b/e/finding_dory_v5_by_hitsman-daxb2n1.png</thumbnail>
    </dir>

    <dir>
      <title>Animal Kingdom Collection</title>
      <tmdb>list/13488</tmdb>
	  <thumbnail>https://orig00.deviantart.net/f9ab/f/2017/096/d/e/kung_fu_panda_folder_icon_by_sholang-db4uk8b.png</thumbnail>
    </dir>
	
<dir>
      <title></title>
      <tmdb></tmdb>
	  <thumbnail></thumbnail>
</dir>




