#############################  Production ##################################
<xml>
<dir>
      <title>****************Boss Productions*****************</title>
    
      <link></link> 
          
      <thumbnail></thumbnail>
          
          
      <fanart></fanart>
        
      <summary></summary>

</dir>
<dir>
  <title>40 Acres & A Mule Filmworks</title>
  <tmdb>company/movies/4319</tmdb>
  <thumbnail>http://s3.amazonaws.com/rapgenius/1373473107_40-acres-logo.jpg</thumbnail>
</dir>

<dir>
  <title>Columbia Pictures</title>
  <tmdb>company/movies/5</tmdb>
  <thumbnail>http://simplywallpaper.net/pictures/2010/12/11/Columbia-Pictures-Movie-Studio-logo-wallpaper.jpg</thumbnail>
</dir>

<dir>
  <title>Columbia TriStar</title>
  <tmdb>company/movies/177</tmdb>
  <thumbnail>http://orig10.deviantart.net/36b6/f/2016/244/4/c/columbia_tristar_home_entertainment__2001__logo_re_by_tppercival-dag2btf.png</thumbnail>
</dir>

<dir>
  <title>Destination Films</title>
  <tmdb>company/movies/769</tmdb>
  <thumbnail>http://4.bp.blogspot.com/-rpu-NrXTzBQ/T7U0A4cAEQI/AAAAAAAAqyE/Gb4RPLMAGJQ/s1600/destination.jpg</thumbnail>
</dir>

<dir>
  <title>Dimension Films</title>
  <tmdb>company/movies/7405</tmdb>
  <thumbnail>http://4.bp.blogspot.com/-Z33GptFMejo/ToL98qK3h2I/AAAAAAAAAAo/S6DbsSNep0c/s1600/Dimension+films.jpg</thumbnail>
</dir>

<dir>
  <title>Disney</title>
  <tmdb>company/movies/6421</tmdb>
  <thumbnail>https://wallpapercave.com/wp/MWKlk0X.jpg</thumbnail>
</dir>

<dir>
  <title>DreamWorks</title>
  <tmdb>company/movies/7</tmdb>
  <thumbnail>http://payload114.cargocollective.com/1/9/312191/4586374/Robert_Hunt_Illustration_dreamworks_905.jpg</thumbnail>
</dir>

<dir>
  <title>DreamWorks Animation</title>
  <tmdb>company/movies/521</tmdb>
  <thumbnail>https://i.ytimg.com/vi/rPNtBXZdHHc/maxresdefault.jpg</thumbnail>
</dir>

<dir>
  <title>DreamWorks Pictures</title>
  <tmdb>company/movies/7293</tmdb>
  <thumbnail>https://i.ytimg.com/vi/VbRqn4VQwjk/maxresdefault.jpg</thumbnail>
</dir>

<dir>
  <title>DreamWorks SKG</title>
  <tmdb>company/movies/27</tmdb>
  <thumbnail>http://i1.ytimg.com/vi/Wi5A-RyiHSA/maxresdefault.jpg</thumbnail>
</dir>

<dir>
  <title>Focus Features</title>
  <tmdb>company/movies/10146</tmdb>
  <thumbnail>http://i.ytimg.com/vi/GO60UqKQbtU/maxresdefault.jpg</thumbnail>
</dir>

<dir>
  <title>Fox Searchlight Pictures</title>
  <tmdb>company/movies/43</tmdb>
  <thumbnail>https://i.ytimg.com/vi/AUoUK1g2WMU/maxresdefault.jpg</thumbnail>
</dir>

<dir>
  <title>Hallmark Hall of Fame Productions</title>
  <tmdb>company/movies/9027</tmdb>
  <thumbnail>http://image.tmdb.org/t/p/original/x4g4cXMnmovhG0tPJOrWZ2T4qtD.jpg</thumbnail>
</dir>

<dir>
  <title>Happy Madison Productions</title>
  <tmdb>company/movies/2608</tmdb>
  <thumbnail>https://i.ytimg.com/vi/Xq28Iwz8lYM/maxresdefault.jpg</thumbnail>
</dir>

<dir>
  <title>IFC Films</title>
  <tmdb>company/movies/307</tmdb>
  <thumbnail>http://4.bp.blogspot.com/-EBaUu1Ilodw/VBWpgVO7d1I/AAAAAAAAHfQ/H0kf8XGQp-w/s1600/movie-logo-pics_001_059_ifc-films_the-killer-inside-me_2010.png</thumbnail>
</dir>

<dir>
  <title>Legendary Pictures</title>
  <tmdb>company/movies/923</tmdb>
  <thumbnail>https://www.legendary.com/wp-content/uploads/2015/06/home-social1.jpg</thumbnail>
</dir>

<dir>
  <title>Lions Gate Entertainments</title>
  <tmdb>company/movies/7035</tmdb>
  <thumbnail>http://media.wwg.com/2017/01/lionsgate-logo-130205232044-199565.jpg</thumbnail>
</dir>

<dir>
  <title>Lions Gate Family Entertainment</title>
  <tmdb>company/movies/6574</tmdb>
  <thumbnail>https://vignette.wikia.nocookie.net/logopedia/images/c/ca/Lions_Gate_Films_2004.png/revision/latest?cb=20121223012423</thumbnail>
</dir>

<dir>
  <title>Lucasfilm</title>
  <tmdb>company/movies/1</tmdb>
  <thumbnail>http://cdn3-www.craveonline.com/assets/uploads/2012/10/file_198967_0_LucasFilm_Logo.jpg</thumbnail>
</dir>

<dir>
  <title>Magnolia Pictures</title>
  <tmdb>company/movies/1030</tmdb>
  <thumbnail>https://i.ytimg.com/vi/qL4llXg2ZHE/maxresdefault.jpg</thumbnail>
</dir>

<dir>
  <title>Marvel Studios</title>
  <tmdb>company/movies/420</tmdb>
  <thumbnail>http://cdn.collider.com/wp-content/uploads/2016/07/marvel-studios-logo-2016.jpg</thumbnail>
</dir>

<dir>
  <title>Metro-Goldwyn-Mayer (MGM)</title>
  <tmdb>company/movies/8411</tmdb>
  <thumbnail>https://i.ytimg.com/vi/_nq2BTuSOq4/maxresdefault.jpg</thumbnail>
</dir>

<dir>
  <title>New Line Cinema</title>
  <tmdb>company/movies/12</tmdb>
  <thumbnail>http://image.wikifoundry.com/image/1/afoIoGJjSuIZcKAT3QvvNA12069/GW426H222</thumbnail>
</dir>

<dir>
  <title>Original Film</title>
  <tmdb>company/movies/333</tmdb>
  <thumbnail>https://vignette.wikia.nocookie.net/parody/images/4/4a/Original_Film_Logo.jpg/revision/latest?cb=20151101071644</thumbnail>
</dir>

<dir>
  <title>Paramount Pictures</title>
  <tmdb>company/movies/4</tmdb>
  <thumbnail>https://i.ytimg.com/vi/uo6rVCuPZv4/maxresdefault.jpg</thumbnail>
</dir>

<dir>
  <title>Pixar Animation</title>
  <tmdb>company/movies/3</tmdb>
  <thumbnail>https://images.moviepilot.com/images/c_limit,q_auto:good,w_600/ne47fcrdccwzjtbvoivh/credit-pixar-animation-studios.jpg</thumbnail>
</dir>

<dir>
  <title>Screen Gems</title>
  <tmdb>company/movies/3287</tmdb>
  <thumbnail>https://upload.wikimedia.org/wikipedia/en/thumb/f/f9/Screen_Gems_1999_logo.svg/1280px-Screen_Gems_1999_logo.svg.png</thumbnail>
</dir>

<dir>
  <title>Sony Pictures</title>
  <tmdb>company/movies/34</tmdb>
  <thumbnail>https://i.ytimg.com/vi/aPBWQBKu9so/maxresdefault.jpg</thumbnail>
</dir>

<dir>
  <title>Sony Pictures Entertainment</title>
  <tmdb>company/movies/5752</tmdb>
  <thumbnail>https://i.ytimg.com/vi/aPBWQBKu9so/maxresdefault.jpg</thumbnail>
</dir>

<dir>
  <title>Spyglass Entertainment</title>
  <tmdb>company/movies/158</tmdb>
  <thumbnail>https://i.ytimg.com/vi/VbelGYM3_QA/maxresdefault.jpg</thumbnail>
</dir>

<dir>
  <title>Summit Entertainment</title>
  <tmdb>company/movies/491</tmdb>
  <thumbnail>https://i.ytimg.com/vi/UmVXmU3fP_U/maxresdefault.jpg</thumbnail>
</dir>

<dir>
  <title>The Weinstein Company</title>
  <tmdb>company/movies/308</tmdb>
  <thumbnail>https://vignette.wikia.nocookie.net/logopedia/images/c/c7/Vlcsnap-2013-12-07-22h43m41s50.png/revision/latest?cb=20140104042201</thumbnail>
</dir>

<dir>
  <title>Touchstone Pictures</title>
  <tmdb>company/movies/9195</tmdb>
  <thumbnail>https://i.ytimg.com/vi/GskFOf2WLZ0/maxresdefault.jpg</thumbnail>
</dir>

<dir>
  <title>Twentieth Century Fox Film Corporation</title>
  <tmdb>company/movies/306</tmdb>
  <thumbnail>https://i.ytimg.com/vi/Zy5sIzhif0E/maxresdefault.jpg</thumbnail>
</dir>

<dir>
  <title>United Artists</title>
  <tmdb>company/movies/60</tmdb>
  <thumbnail>https://i.ytimg.com/vi/7r1-74V6va4/maxresdefault.jpg</thumbnail>
</dir>

<dir>
  <title>Universal Animation Studios</title>
  <tmdb>company/movies/5556</tmdb>
  <thumbnail>https://pre00.deviantart.net/1902/th/pre/i/2017/253/e/e/universal_animation_studios_new_logo__fanmade__by_redheadxilamguy-dab4buk.jpg</thumbnail>
</dir>

<dir>
  <title>Universal Cartoon Studios</title>
  <tmdb>company/movies/4285</tmdb>
  <thumbnail>http://vignette3.wikia.nocookie.net/logopedia/images/9/96/Universal_Cartoon_Studios.png/revision/latest?cb=20130617224758</thumbnail>
</dir>

<dir>
  <title>Universal Studios</title>
  <tmdb>company/movies/13</tmdb>
  <thumbnail>https://vignette.wikia.nocookie.net/ideas/images/9/92/Universal-studios-logo-wallpaper.jpg/revision/latest?cb=20161122170309</thumbnail>
</dir>

<dir>
  <title>Walt Disney Animation Studios</title>
  <tmdb>company/movies/6125</tmdb>
  <thumbnail>https://upload.wikimedia.org/wikipedia/en/thumb/c/c8/Walt_Disney_Animation_Studios_logo.svg/800px-Walt_Disney_Animation_Studios_logo.svg.png</thumbnail>
</dir>

<dir>
  <title>Walt Disney Production</title>
  <tmdb>company/movies/6470</tmdb>
  <thumbnail>https://i.ytimg.com/vi/tNXAwrT_jzk/maxresdefault.jpg</thumbnail>
</dir>

<dir>
  <title>Walt Disney Productions</title>
  <tmdb>company/movies/3166</tmdb>
  <thumbnail>https://i.ytimg.com/vi/tNXAwrT_jzk/maxresdefault.jpg</thumbnail>
</dir>

<dir>
  <title>Warner Bros.</title>
  <tmdb>company/movies/6194</tmdb>
  <thumbnail>https://images.fastcompany.net/image/upload/w_1280,f_auto,q_auto,fl_lossy/fc/3027046-poster-p-warnerbrospicturesintro.jpg</thumbnail>
</dir>

<dir>
  <title>Warner Bros. Animation</title>
  <tmdb>company/movies/2785</tmdb>
  <thumbnail>https://images.fastcompany.net/image/upload/w_1280,f_auto,q_auto,fl_lossy/fc/3027046-poster-p-warnerbrospicturesintro.jpg</thumbnail>
</dir>

<dir>
  <title>Warner Bros. Entertainment</title>
  <tmdb>company/movies/17</tmdb>
  <thumbnail>https://images.fastcompany.net/image/upload/w_1280,f_auto,q_auto,fl_lossy/fc/3027046-poster-p-warnerbrospicturesintro.jpg</thumbnail>
</dir>

<dir>
  <title>Warner Bros. Pictures</title>
  <tmdb>company/movies/174</tmdb>
  <thumbnail>https://images.fastcompany.net/image/upload/w_1280,f_auto,q_auto,fl_lossy/fc/3027046-poster-p-warnerbrospicturesintro.jpg</thumbnail>
</dir>
</xml>
