<dir>
      <title>****************Boss Newest Releases*****************</title>
    
      <link></link> 
          
      <thumbnail></thumbnail>
          
          
      <fanart></fanart>
        
      <summary></summary>

</dir>
<item>
<title>[COLOR gold]Newest Releases (Direct Links) [/COLOR]</title>
</item>

<item>
<title>Braven 2018</title>
<meta>
<content>movie</content>
<imdb>tt5001754</imdb>
<title>Braven</title>
<year>2018</year>
    
</meta>
<link>
<sublink>http://uptobox.com/c6duudnhxrqs(BOSS-1080p)</sublink>
<sublink>http://uptobox.com/9632bgngxkwo(BOSS-720p)</sublink>
<sublink>search</sublink>
<sublink>searchsd</sublink>
</link>
        
<thumbnail>https://images-na.ssl-images-amazon.com/images/M/MV5BMjM1ODUzMTU1NV5BMl5BanBnXkFtZTgwMzcwMzY1NDM@._V1_SY1000_CR0,0,674,1000_AL_.jpg</thumbnail>
<fanart>https://images-na.ssl-images-amazon.com/images/M/MV5BZTIzMDk4YzQtYzNiZi00NGViLWI1YmItMDI4NDA2MjgzNTk2XkEyXkFqcGdeQXVyNDM1MTM4Njc@._V1_.jpg</fanart>
</item>

<item>
<title>Espionage Tonight</title>
<meta>
<content>movie</content>
<imdb>tt3652142</imdb>
<title>Espionage Tonight</title>
<year>2017</year>
    
</meta>
<link>
<sublink>https://rapidgator.net/file/fd6d7765f727c910e184f5b7e0c3a73a/TwoDDL_Espionage.Tonight.2017.1080.WEB-DL.DD5.1.H264-FGT.mkv.html(1080p RD)</sublink>
<sublink>http://uptobox.com/b1j1jl15z032(BOSS-1080p RD)</sublink>
<sublink>search</sublink>
<sublink>searchsd</sublink>
</link>
        
<thumbnail>https://images-na.ssl-images-amazon.com/images/M/MV5BNTYzZGQ4ZjctNTZlOC00M2IxLTg4MjEtODE2ZGViZTM3NWQzXkEyXkFqcGdeQXVyNTM0MDc1ODE@._V1_.jpg</thumbnail>
<fanart></fanart>
</item>


<item>
<title>Deadly Detention</title>
<meta>
<content>movie</content>
<imdb>tt5810368</imdb>
<title>Deadly Detention</title>
<year>2017</year>
    
</meta>
<link>
<sublink>http://rapidgator.net/file/f6914d45532362e136a3af884540e1ab/Deadly.Detention.2017.1080p.WEB-DL.DD5.1.H.264.CRO-DIAMOND.mkv.html(1080p RD)</sublink>
<sublink>http://uptobox.com/r3cfp2aqw9ki(BOSS-1080p RD)</sublink>
<sublink>search</sublink>
<sublink>searchsd</sublink>
</link>
        
<thumbnail>https://images-na.ssl-images-amazon.com/images/M/MV5BN2IyNDM5YzUtMTgyZS00YzFlLTlmYzMtZTUzM2QxOWRhOWVmXkEyXkFqcGdeQXVyMDUwNjI2Mg@@._V1_.jpg</thumbnail>
<fanart>https://images-na.ssl-images-amazon.com/images/M/MV5BMDZmYTU0MGQtZTdjZi00ZTQ4LTg2NDEtMGViZGE4OTM2NDVmXkEyXkFqcGdeQXVyMDUwNjI2Mg@@._V1_.jpg</fanart>
</item>

<item>
<title>Cops and Robbers</title>
<meta>
<content>movie</content>
<imdb>tt4717208</imdb>
<title>Cops and Robbers</title>
<year>2017</year>
    
</meta>
<link>
<sublink>https://rapidgator.net/file/6dad4908c06beb4404730619fe8c5ae5/TwoDDL_Cops.and.Robbers.2017.1080.WEB-DL.DD5.1.H264-FGT.mkv.html(1080p RD)</sublink>
<sublink>search</sublink>
<sublink>searchsd</sublink>
</link>
        
<thumbnail>https://images-na.ssl-images-amazon.com/images/M/MV5BZGEwYjIxMDAtZTUyNi00YTgxLWE5NGMtN2M0ODhiYzExOTZiXkEyXkFqcGdeQXVyOTg4MDYyNw@@._V1_SY1000_SX750_AL_.jpg</thumbnail>
<fanart>https://images-na.ssl-images-amazon.com/images/M/MV5BNTAxOTQ4NTctY2ZhYS00NzBhLTk5ZmQtNTg4MzFjMTI0ZWJhXkEyXkFqcGdeQXVyMjQwMDg0Ng@@._V1_SX1777_CR0,0,1777,749_AL_.jpg</fanart>
</item>

<item>
<title>Smartass</title>
<meta>
<content>movie</content>
<imdb>tt4513538</imdb>
<title>Smartass</title>
<year>2017</year>
    
</meta>
<link>
<sublink>http://rapidgator.net/file/86960546b9609921ab2c27466666f7a2/Smartass.2017.1080p.WEB-DL.DD5.1.H.264.CRO-DIAMOND.mkv.html(1080p RD)</sublink>
<sublink>http://uptobox.com/i8zlquom6xki(BOSS-BRRip)</sublink>
<sublink>search</sublink>
<sublink>searchsd</sublink>
</link>
        
<thumbnail>https://images-na.ssl-images-amazon.com/images/M/MV5BZGE4ZDZkMGUtMzdkNC00YmIyLTk5YjUtZDBkNWEwOWNmZDFjXkEyXkFqcGdeQXVyNTYwOTk2NTM@._V1_SY1000_CR0,0,714,1000_AL_.jpg</thumbnail>
<fanart>https://images-na.ssl-images-amazon.com/images/M/MV5BNmJlOTZlNDYtMzNkZi00YTJiLWJmYTYtZmJmNWZmMTQzZGJiXkEyXkFqcGdeQXVyNjc3NzA3NTE@._V1_.jpg</fanart>
</item>

<item>
<title>The Girl Who Invented Kissing</title>
<meta>
<content>movie</content>
<imdb>tt2850480</imdb>
<title>The Girl Who Invented Kissing</title>
<year>2017</year>
    
</meta>
<link>
<sublink>http://rapidgator.net/file/2797bc54e467ed0ab667f9d37d53874a/The.Girl.Who.Invented.Kissing.2017.1080p.WEB-DL.DD5.1.H.264.CRO-DIAMOND.mkv.html(1080p RD)</sublink>
<sublink>http://uptobox.com/nnmw1n00qjxo(BOSS-1080p RD)</sublink>
<sublink>http://uptobox.com/pgh83hcj3ij8(BOSS-1080p RD)</sublink>
<sublink>http://uptobox.com/phpdlvkvvzyq(BOSS-720p RD)</sublink>
<sublink>search</sublink>
<sublink>searchsd</sublink>
</link>
        
<thumbnail>https://images-na.ssl-images-amazon.com/images/M/MV5BMTc2MDk3ODIwOF5BMl5BanBnXkFtZTgwNzM2ODkwMTI@._V1_SY1000_CR0,0,674,1000_AL_.jpg</thumbnail>
<fanart>https://images-na.ssl-images-amazon.com/images/M/MV5BNTIzYzQzMTItYTNkOC00ZWIyLWE0ODEtMGYwNzBjMTU2NTY1XkEyXkFqcGdeQXVyMTg3OTQ2Ng@@._V1_SX1777_CR0,0,1777,962_AL_.jpg</fanart>
</item>


<item>
<title>The Florida Project</title>
<meta>
<content>movie</content>
<imdb>tt5649144</imdb>
<title>The Florida Project</title>
<year>2017</year>
    
</meta>
<link>
<sublink>https://rapidgator.net/file/1136f2a5451066867157b264d2f658bc/TwoDDL_The.Florida.Project.2017.1080.WEB-DL.H264.AC3-EVO.mkv.html(1080p RD)</sublink>
<sublink>https://rapidgator.net/file/0675404f39930c81e1f9d9061bf58eb9/TwoDDL_The.Florida.Project.2017.720.WEB-DL.XviD.AC3-FGT.avi.html(720p RD)</sublink>
<sublink>https://rapidgator.net/file/7c828325154df1a1a06c5b3a0e32ace7/TwoDDL_The.Florida.Project.2017.HDRip.XviD.AC3-EVO.avi.html(HDRIP RD)</sublink>
<sublink>http://uptobox.com/0imf9k0wipzs(BOSS-DVDScr)</sublink>
<sublink>search</sublink>
<sublink>searchsd</sublink>
</link>
        
<thumbnail>https://images-na.ssl-images-amazon.com/images/M/MV5BMjg4ZmY1MmItMjFjOS00ZTg2LWJjNDYtNDM2YmM2NzhiNmZhXkEyXkFqcGdeQXVyNTAzMTY4MDA@._V1_SY1000_SX675_AL_.jpg</thumbnail>
<fanart>https://images-na.ssl-images-amazon.com/images/M/MV5BNzRhNzFiOGMtNmYzMS00NmEyLThlYWUtMTkwNWQyY2YzZjI1XkEyXkFqcGdeQXVyNjUwNzk3NDc@._V1_.jpg</fanart>
</item>

<item>
<title>A Thousand Junkies</title>
<meta>
<content>movie</content>
<imdb>tt3482000</imdb>
<title>A Thousand Junkies</title>
<year>2017</year>
    
</meta>
<link>
<sublink>http://rapidgator.net/file/61ab0cb46212ee0fd61a45e61e6f777a/A_THJunkies2017.HDRip.XviD.AC3-EVO.avi.html(HDRIP RD)</sublink>
<sublink>https://rapidgator.net/file/c0005d6114a651adec1026b721caa01f/A-T-J.2017.HDRip.XviD.AC3-EVO.avi.html(HDRIP RD)</sublink>
<sublink>search</sublink>
<sublink>searchsd</sublink>
</link>
        
<thumbnail>https://images-na.ssl-images-amazon.com/images/M/MV5BYTg3YTRlMmEtM2Q2Yi00MTA2LTg1MzEtYTQ4NDJjYWM1MjIxXkEyXkFqcGdeQXVyNTM0MDc1ODE@._V1_SY1000_CR0,0,666,1000_AL_.jpg</thumbnail>
<fanart>https://images-na.ssl-images-amazon.com/images/M/MV5BMTUwNDk0MzY4M15BMl5BanBnXkFtZTgwOTE0OTUwMjI@._V1_SX1777_CR0,0,1777,999_AL_.jpg</fanart>
</item>



<item>
<title>House Of Demons</title>
<meta>
<content>movie</content>
<imdb>tt5886388</imdb>
<title>House of Demons</title>
<year>2018</year>
    
</meta>
<link>
<sublink>http://rapidgator.net/file/4a81360f8e65af607a626de874a50be6/H0ODemn.2018.DVDRip.XviD.AC3-EVO.avi.html(DVDRIP RD)</sublink>
<sublink>https://rapidgator.net/file/8ba79ae0bff029b13f1a655047c22ebd/H-O-D.2018.DVDRip.XviD.AC3-EVO.avi.html(DVDRIP RD)</sublink>
<sublink>http://uptobox.com/lohy7xly7700(BOSS)</sublink>
<sublink>search</sublink>
<sublink>searchsd</sublink>
</link>
        
<thumbnail>https://images-na.ssl-images-amazon.com/images/M/MV5BMTUzNTI3MTA1MF5BMl5BanBnXkFtZTgwNDEyMjE2NDM@._V1_SY1000_CR0,0,674,1000_AL_.jpg</thumbnail>
<fanart>https://images-na.ssl-images-amazon.com/images/M/MV5BZGZjMGFlNDctMGZmOS00NWFjLWFmYmItYzNkNzNlZDAyYWYwL2ltYWdlL2ltYWdlXkEyXkFqcGdeQXVyMzgxNTQ0MDQ@._V1_.jpg</fanart>
</item>

<item>
<title>Kill Order</title>
<meta>
<content>movie</content>
<imdb>tt3847642</imdb>
<title>Kill Order</title>
<year>2017</year>
    
</meta>
<link>
<sublink>http://rapidgator.net/file/0856a180f4f8c1865f87b6f0dfa854ff/K1lOrd3r.2017.DVDRip.XviD.AC3-EVO.avi.html(DVDRIP RD)</sublink>
<sublink>https://rapidgator.net/file/37fd12f93188eb9c427b915a23d2dd68/Kill.O-r-de-r.2017.DVDRip.XviD.AC3-EVO.avi.html(DVDRIP RD)</sublink>
<sublink>search</sublink>
<sublink>searchsd</sublink>
</link>
        
<thumbnail>https://images-na.ssl-images-amazon.com/images/M/MV5BMzI3YzgwNjEtNGUyYS00OTM2LTlmNWYtMTY4NzhjMjFlNmU2XkEyXkFqcGdeQXVyMzQwMTY2Nzk@._V1_SY1000_CR0,0,714,1000_AL_.jpg</thumbnail>
<fanart></fanart>
</item>

<item>
<title>Wonder</title>
<meta>
<content>movie</content>
<imdb>tt2543472</imdb>
<title>Wonder</title>
<year>2017</year>
    
</meta>
<link>
<sublink>https://rapidgator.net/file/c619535b7c665c6bccdf571d88d68dec/TwoDDL_Wonder.2017.1080.WEB-DL.DD5.1.H264-CMRG.mkv.html(1080p RD LINK)</sublink>
<sublink>http://rapidgator.net/file/3c3ff6f27aa2fc0b543d78277b421c04/W0D3r2017.720p.WEB-DL.X264.AC3-EVO.mkv.html(720p RD LINK)</sublink>
<sublink>https://rapidgator.net/file/284ef5357091d6f57b9647e1a84eeff3/TwoDDL_Wonder.2017.720.WEB-DL.AC3-EVO.mkv.html(720p RD LINK)</sublink>
<sublink>https://rapidgator.net/file/937029c4b106e68d15cfb0031ff72c85/Wonder.2017.HDRip.XviD.AC3-EVO.avi.html(HDRIP RD LINK)</sublink>
<sublink>http://uptobox.com/79hquw2krm1g(BOSS-720p)</sublink>
<sublink>search</sublink>
<sublink>searchsd</sublink>
</link>
        
<thumbnail>https://images-na.ssl-images-amazon.com/images/M/MV5BYjFhOWY0OTgtNDkzMC00YWJkLTk1NGEtYWUxNjhmMmQ5ZjYyXkEyXkFqcGdeQXVyMjMxOTE0ODA@._V1_SY1000_CR0,0,648,1000_AL_.jpg</thumbnail>
<fanart>https://images-na.ssl-images-amazon.com/images/M/MV5BM2FjZmI0OTEtN2MwNi00NTFiLTg5NTgtN2ZkZmRkMzUxNWE2XkEyXkFqcGdeQXVyMjM2NTUzMzI@._V1_.jpg</fanart>
</item>

<item>
<title>The Price</title>
<meta>
<content>movie</content>
<imdb>tt3212026</imdb>
<title>The Price</title>
<year>2017</year>
    
</meta>
<link>
<sublink>https://rapidgator.net/file/fca952eff236bdf4a1fb2759a01ef992/TwoDDL_The.Price.2017.1080p.WEB-DL.DD5.1.H264-FGT.mkv.html(1080p RD LINK)</sublink>
<sublink>https://1fichier.com/?qrpv7v698q&af=62851(1080p RD LINK)</sublink>
<sublink>https://www.filefactory.com/file/5ew5scxyuse1(1080p RD LINK)</sublink>
<sublink>search</sublink>
<sublink>searchsd</sublink>
</link>
        
<thumbnail>https://images-na.ssl-images-amazon.com/images/M/MV5BY2M5MjI1YjctNWI5Yi00MjVhLTgzNzYtNjg0OTNkNTEzZTY5XkEyXkFqcGdeQXVyMDY5NzA2Ng@@._V1_SY1000_CR0,0,666,1000_AL_.jpg</thumbnail>
<fanart>https://images-na.ssl-images-amazon.com/images/M/MV5BYWUxZGVkYTgtNWUxNi00Y2ZjLTk2NDctYTYwN2RmYTczNjdkL2ltYWdlXkEyXkFqcGdeQXVyMDY5NzA2Ng@@._V1_.jpg</fanart>
</item>

<item>
<title>The Student</title>
<meta>
<content>movie</content>
<imdb>tt5873672</imdb>
<title>The Student</title>
<year>2017</year>
    
</meta>
<link>
<sublink>https://rapidgator.net/file/177c1c70f723563251c73bc3f5c2712a/TwoDDL_The.Student.2017.1080p.WEB-DL.DD5.1.H264-FGT.mkv.html(1080p WEBDL RD LINK)</sublink>
<sublink>https://1fichier.com/?wgzorbujsh&af=62851(1080p WEBDL RD LINK)</sublink>
<sublink>https://www.filefactory.com/file/4pn1usqm0l6p(1080p WEBDL RD LINK)</sublink>
<sublink>search</sublink>
<sublink>searchsd</sublink>
</link>
        
<thumbnail>https://images-na.ssl-images-amazon.com/images/M/MV5BMmE0MjAzMzctYzVkNC00NTNjLThlZmYtMzk2N2MyMTAyZjE1XkEyXkFqcGdeQXVyMjM4MTAwNzQ@._V1_.jpg</thumbnail>
<fanart></fanart>
</item>

<item>
<title>The Wilde Wedding</title>
<meta>
<content>movie</content>
<imdb>tt5066056</imdb>
<title>The Wilde Wedding</title>
<year>2017</year>
    
</meta>
<link>
<sublink>https://rapidgator.net/file/cb555c295d311b8b8d7fa248332d5809/TwoDDL_The.Wilde.Wedding.2017.1080.WEB-DL.DD5.1.H264-FGT.mkv.html(1080p WEBDL RD LINK)</sublink>
<sublink>search</sublink>
<sublink>searchsd</sublink>
</link>
        
<thumbnail>https://images-na.ssl-images-amazon.com/images/M/MV5BMTg4MDg5MjA2OV5BMl5BanBnXkFtZTgwMjkyOTg1MzI@._V1_.jpg</thumbnail>
<fanart>https://images-na.ssl-images-amazon.com/images/M/MV5BN2U3NWFkNzQtNjllOS00Nzg3LTliNzItNGM4Y2ZhNjRlYjgzXkEyXkFqcGdeQXVyNjc3NTA3NzI@._V1_.jpg</fanart>
</item>

<item>
<title>Easy Living</title>
<meta>
<content>movie</content>
<imdb>tt5067958</imdb>
<title>Easy Living</title>
<year>2017</year>
    
</meta>
<link>
<sublink>https://rapidgator.net/file/9b0eec5e7212a25c4da405435711fe30/TwoDDL_Easy.Living.2017.1080p.WEB-DL.DD5.1.H264-FGT.mkv.html(1080p WEBDL RD LINK)</sublink>
<sublink>https://1fichier.com/?8h23m4t3rf&af=62851(1080p WEBDL RD LINK)</sublink>
<sublink>http://uptobox.com/d7203w83ssj1(BOSS-720p)</sublink>
<sublink>search</sublink>
<sublink>searchsd</sublink>
</link>
        
<thumbnail>https://images-na.ssl-images-amazon.com/images/M/MV5BYWM2YWJmMjItZDY4ZS00ZmU1LWE5ZTQtZWRmMmE1NDJhY2UxXkEyXkFqcGdeQXVyNjQ1NDUxODE@._V1_.jpg</thumbnail>
<fanart>https://images-na.ssl-images-amazon.com/images/M/MV5BZmQ4NmNmYmQtNzA5Yi00MjVmLWFjZjYtNmFhYmY3ZTgzNmM4XkEyXkFqcGdeQXVyNjQ1NDUxODE@._V1_SY1000_SX1500_AL_.jpg</fanart>
</item>

<item>
<title>Cabin 28</title>
<meta>
<content>movie</content>
<imdb>tt5457484</imdb>
<title>Cabin 28</title>
<year>2017</year>
    
</meta>
<link>
<sublink>https://rapidgator.net/file/ffd97e3eb987f88ec7719e4edfd93b43/TwoDDL_Cabin.28.2017.1080p.WEB-DL.DD5.1.H264-FGT.mkv.html(1080p WEBDL RD LINK)</sublink>
<sublink>https://1fichier.com/?5xxlx5w7ji&af=62851(1080p WEBDL RD LINK)</sublink>
<sublink>search</sublink>
<sublink>searchsd</sublink>
</link>
        
<thumbnail>https://images-na.ssl-images-amazon.com/images/M/MV5BMDcyZTU0YTUtNmI5ZS00ZGM2LTg2ZjEtYjIyMTcwZTdjMzUxXkEyXkFqcGdeQXVyMzE3NjQ5NA@@._V1_SY1000_CR0,0,701,1000_AL_.jpg</thumbnail>
<fanart>https://images-na.ssl-images-amazon.com/images/M/MV5BZDUwNDhjMDMtZTRhOS00Nzk5LWExNDUtZGI2ZjAxYTliMDIyXkEyXkFqcGdeQXVyMjQwMDg0Ng@@._V1_SY1000_CR0,0,1510,1000_AL_.jpg</fanart>
</item>

<item>
<title>Replace</title>
<meta>
<content>movie</content>
<imdb>tt5563862</imdb>
<title>Replace</title>
<year>2017</year>
    
</meta>
<link>
<sublink>https://rapidgator.net/file/9137f6a4c5546031ca8a83fdb110902b/TwoDDL_Replace.2017.720p.WEBRip.DD5.1.x264-FGT.mkv.html(720p WEBRIP RD LINK)</sublink>
<sublink>http://uptobox.com/no69et2e93fn(BOSS-720p)</sublink>
<sublink>search</sublink>
<sublink>searchsd</sublink>
</link>
        
<thumbnail>https://images-na.ssl-images-amazon.com/images/M/MV5BMjQ1ODYxOTU4M15BMl5BanBnXkFtZTgwMzg2MzIxMTI@._V1_SY1000_CR0,0,706,1000_AL_.jpg</thumbnail>
<fanart>https://images-na.ssl-images-amazon.com/images/M/MV5BYjEwOWM3ZWMtODBmMy00NmIxLWI2ZjctMWRkNzA3MDAzZDZmXkEyXkFqcGdeQXVyNjEwNTM2Mzc@._V1_.jpg</fanart>
</item>

<item>
<title>Among Us</title>
<meta>
<content>movie</content>
<imdb>tt3226454</imdb>
<title>Among Us</title>
<year>2017</year>
    
</meta>
<link>
<sublink>https://rapidgator.net/file/49e36e00d0e8b0f4c8f6b8dfc9b5a8a5/TwoDDL_Among.Us.2017.1080p.WEB-DL.DD5.1.H264-FGT.mkv.html(1080p RD LINK)</sublink>
<sublink>https://1fichier.com/?pmavlqrfi8&af=62851(1080p RD LINK)</sublink>
<sublink>search</sublink>
<sublink>searchsd</sublink>
</link>
        
<thumbnail>https://images-na.ssl-images-amazon.com/images/M/MV5BOWJlNGFkM2ItMjU2ZC00MmNiLTllZjgtODdhM2U1YmU4MzRmXkEyXkFqcGdeQXVyMTk0NTcyMTA@._V1_SY1000_SX675_AL_.jpg</thumbnail>
<fanart>https://images-na.ssl-images-amazon.com/images/M/MV5BM2RkMWYzMmMtMTVmYy00MzgwLTkyNDUtOTE2OGFkMWYxNmM3XkEyXkFqcGdeQXVyMTEzNzczMA@@._V1_.jpg</fanart>
</item>

<item>
<title>The Force</title>
<meta>
<content>movie</content>
<imdb>tt6159518</imdb>
<title>The Force</title>
<year>2017</year>
    
</meta>
<link>
<sublink>https://rapidgator.net/file/3dfa6d82a72498ad33688a98740138ae/The_Force.mp4.html(HDRIP RD LINK)</sublink>
<sublink>search</sublink>
<sublink>searchsd</sublink>
</link>
        
<thumbnail>https://images-na.ssl-images-amazon.com/images/M/MV5BOTI4MzMyNTQtOWUxMS00Yzg1LWJmNmQtZGNlYzc2OWYzOWJlXkEyXkFqcGdeQXVyODM3MjA1NA@@._V1_SY1000_CR0,0,675,1000_AL_.jpg</thumbnail>
<fanart>https://images-na.ssl-images-amazon.com/images/M/MV5BMTcxMjA2ODc2OF5BMl5BanBnXkFtZTgwMzg4NTE5MDI@._V1_SY1000_CR0,0,1776,1000_AL_.jpg</fanart>
</item>

<item>
<title>COCO</title>
<meta>
<content>movie</content>
<imdb>tt2380307</imdb>
<title>COCO</title>
<year>2017</year>
<genre></genre>
</meta>
<link>
<sublink>https://rapidgator.net/file/6675b0b9e2e038ebab3c2091cd53a4b1/Coco.2017.720p.HDRip.X264.AC3-EVO.mkv.html(720p RD LINK)</sublink>
<sublink>http://rapidgator.net/file/e2297e66c6dc868e31f253382065734d/CC.2017.720p.HDRip.X264.AC3-EVO.mkv.html(720p RD LINK)</sublink>
<sublink>https://weshare.me/dc1891fae4bebb0b/Coco.2017.720p.HDRip.X264.AC3-EVO.mkv(720p)</sublink>
<sublink>https://uptostream.com/uwibrlg9mfny(720p)</sublink>
<sublink>https://rapidgator.net/file/3fac7f50784e8d35a41ec7f36ffda9a5/Coco.2017.HDRip.XviD.AC3-EVO.avi.html(HDRIP RD LINK)</sublink>
<sublink>search</sublink>
</link>
<thumbnail>https://upload.wikimedia.org/wikipedia/en/9/98/Coco_%282017_film%29_poster.jpg</thumbnail>
<fanart></fanart>
</item>


<item>
<title>Doctor Who: Shada</title>
<meta>
<content>movie</content>
<imdb>tt7689226</imdb>
<title>Doctor Who: Shada</title>
<year>2017</year>
    
</meta>
<link>
<sublink>https://rapidgator.net/file/ebbd787452e934f09dae6b1a914b8be3/TwoDDL_TwoDDLdoctor.who.shada.2017.1080-ouija.media.mkv.html(1080p RD LINK)</sublink>
<sublink>https://rapidgator.net/file/47948e3820b8622eb2be342e4e9de42c/TwoDDL_TwoDDLdoctor.who.shada.2017.720-ouija.media.mkv.html(720p RD LINK)</sublink>
<sublink>https://rapidgator.net/file/1c0324b8b60fbcf163f0f28411f2dfda/TwoDDL_TwoDDLdoctor.who.shada.2017.bdrip-ouija.media.mkv.html(BDRIP RD LINK)</sublink>
<sublink>search</sublink>
<sublink>searchsd</sublink>
</link>
        
<thumbnail>http://images.2ddl.ooo/images/21356171562193758161.png</thumbnail>
<fanart></fanart>
</item>


<item>
<title>iGirlfriend</title>
<meta>
<content>movie</content>
<imdb>tt4994992</imdb>
<title>iGirlfriend</title>
<year>2017</year>
<summary>A teen comedy about a nerdy teenager who creates an iPhone app to be his girlfriend. When she miraculously comes to life, things go hilariously wrong, and she tries to kill him.</summary>
    
</meta>
<link>
<sublink>http://rapidgator.net/file/ea33a7d830fcd7fb50afd545304faf84/iGirlfriend.2017.1080p.WEB-DL.DD5.1.H264-CMRG.mkv.html(1080p WEBDL RD LINK)</sublink>
<sublink>http://rapidgator.net/file/bcd30aeae5f61524b744f3ace08fcbf9/iGirlfriend.2018.HDRip.XviD.AC3-EVO.avi.html(HDRIP RD LINK)</sublink>
<sublink>search</sublink>
<sublink>searchsd</sublink>
</link>
        
<thumbnail>https://images-na.ssl-images-amazon.com/images/M/MV5BYjA2Y2E4MmMtOTRkZC00YTZhLWFlNzEtNDhmNDM5ZjBjZGZjXkEyXkFqcGdeQXVyNTM0MDc1ODE@._V1_SY1000_CR0,0,666,1000_AL_.jpg</thumbnail>
<fanart></fanart>
</item>


<item>
<title>The Shanghai Job</title>
<meta>
<content>movie</content>
<imdb>tt5648036</imdb>
<title>The Shanghai Job</title>
<year>2017</year>
    
</meta>
<link>
<sublink>http://rapidgator.net/file/9351831411aa0aff40d62d0ca5fd3526/THSHAJ0B_2017_1080p_WEB-DL_DD5_1_H264-CMRG.mkv.html(1080p RD LINK)</sublink>
<sublink>https://rapidgator.net/file/839a21b6acfa06806947e9fc4da74a3e/The_Shanghai_Job.2017.HDRip.XviD.AC3-EVO.avi.html(HDRIP RD LINK)</sublink>
<sublink>https://uptostream.com/3x91scsa9ech(BOSS-1080p)</sublink>
<sublink>search</sublink>
<sublink>searchsd</sublink>
</link>
        
<thumbnail>https://images-na.ssl-images-amazon.com/images/M/MV5BODQ3NzhmYmMtZmRiNy00YTE4LTliY2YtZTg3MWYwOGNkYTc0XkEyXkFqcGdeQXVyMzY2NTc3NjA@._V1_SY1000_SX750_AL_.jpg</thumbnail>
<fanart></fanart>
</item>

<item>
<title>Dina</title>
<meta>
<content>movie</content>
<imdb>tt6333058</imdb>
<title>Dina</title>
<year>2017</year>
    
</meta>
<link>
<sublink>http://rapidgator.net/file/8701d0dfd5b1cab3fa70577714db66b9/dina.limited.2017.dvdrip.x264-lpd.mkv.html(DVDRIP RD LINK)</sublink>
<sublink>http://rapidgator.net/file/3f3dc315572060de0429c2b0de9b74d3/Dina.2017.LiMiTED.DVDRip.x264-LPD.mkv.html(DVDRIP RD LINK)</sublink>
<sublink>search</sublink>
<sublink>searchsd</sublink>
</link>
        
<thumbnail>https://images-na.ssl-images-amazon.com/images/M/MV5BNGNlMWMzNDItODg3Ny00MzUzLTk1MjQtNDhjZTg1NjRjMDk4XkEyXkFqcGdeQXVyNzk1Mzg3NTY@._V1_SY1000_CR0,0,674,1000_AL_.jpg</thumbnail>
<fanart>https://images-na.ssl-images-amazon.com/images/M/MV5BOTgyMjg0NzM0OF5BMl5BanBnXkFtZTgwOTg3NTE5MDI@._V1_SX1436_CR0,0,1436,999_AL_.jpg</fanart>
</item>



<item>
<title>All I See Is You</title>
<meta>
<content>movie</content>
<imdb>tt4486986</imdb>
<title>All I See Is You</title>
<year>2016</year>
    
</meta>
<link>
<sublink>http://rapidgator.net/file/318090199de9654fce2d4855e1dcdcd0/AlIseeYou.2016.LIMITED.1080p.BluRay.x264-DRONES.mkv.html(1080p RD LINK)</sublink>
<sublink>https://rapidgator.net/file/7e867e169fd942646a24c3ee8306c182/All.I.See.Is.You.2016.LIMITED.1080p.BluRay.x264-DRONES.mkv.html(1080p RD LINK)</sublink>
<sublink>https://rapidgator.net/file/1e579566fd004644487e4ca5b5495516/All.I.See.Is.You.2016.LIMITED.720p.BluRay.x264-DRONES.mkv.html(720p RD LINK)</sublink>
<sublink>https://rapidgator.net/file/8ea9e85bf1ae30007233037fec872dd1/All.I.See.Is.You.2017.LIMITED.BDRip.x264-DRONES.mkv.html(BDRIP RD LINK)</sublink>
<sublink>search</sublink>
<sublink>searchsd</sublink>
</link>
        
<thumbnail>https://image.tmdb.org/t/p/w640/wc9MgFWuBl3VS72w6VtiZXTgN79.jpg</thumbnail>
<fanart>https://image.tmdb.org/t/p/w533_and_h300_bestv2/idyebQjC7dFpBd7eLiSFhvgPOS5.jpg</fanart>
</item>

<item>
  <title>Please Stand By</title>
  <meta>
  <content>movie</content>
  <imdb>tt4652650</imdb>
  <title>Please Stand By</title>
  <year>2017</year>
  </meta> 
  <link>
  <sublink>http://rapidgator.net/file/48880a340563fe85f848be3cbc0181b2/PLSTB_2017_1080p_WEB-DL_DD_5.1_H264-CMRG.mkv.html(1080p RD LINK)</sublink>
  <sublink>http://rapidgator.net/file/916e002b86995b18c3db963c22d0c2d0/PleaSTBy_2017.HDRip.XviD.AC3-EVO.avi.html(HDRIP RD LINK)</sublink>
  <sublink>search</sublink>
  <sublink>searchsd</sublink>
  </link>
  <thumbnail>https://images-na.ssl-images-amazon.com/images/M/MV5BMTU3MzUzMjIxMV5BMl5BanBnXkFtZTgwODY5MTIzNDM@._V1_SY1000_CR0,0,674,1000_AL_.jpg</thumbnail>
 </item>

<item>
<title>Keep Watching</title>
<meta>
<content>movie</content>
<imdb>tt2531334</imdb>
<title>Keep Watching</title>
<year>2017</year>
    
</meta>
<link>
<sublink>http://rapidgator.net/file/bf3af88526b9a857c98e5cc46fc8ff25/Keep.Watching.2018.DVDRip.XviD.AC3-EVO.avi.html(DVDRIP RD LINK)</sublink>
<sublink>http://rapidgator.net/file/301d4ff1fe66d8d3786ec32f141c1284/KeeWatching.2018.DVDRip.XviD.AC3-EVO.avi.html(DVDRIP RD LINK)</sublink>
<sublink>search</sublink>
<sublink>searchsd</sublink>
</link>
        
<thumbnail>https://images-na.ssl-images-amazon.com/images/M/MV5BNGQ1YzE0ZDctNjkxOC00M2IxLWJlOWYtMzY2MDM5ODk2NDg1XkEyXkFqcGdeQXVyNjEwNTM2Mzc@._V1_SY1000_CR0,0,675,1000_AL_.jpg</thumbnail>
<fanart>https://images-na.ssl-images-amazon.com/images/M/MV5BYjFhMGJjMjEtYTQwYy00NWI3LTlmMDQtZDVhNGVhYmNmNDY4XkEyXkFqcGdeQXVyMzQyNDc0NzU@._V1_SY1000_CR0,0,1681,1000_AL_.jpg</fanart>
</item>

<item>
<title>Accident Man</title>
<meta>
<content>movie</content>
<imdb>tt6237612</imdb>
<title>Accident Man</title>
<year>2018</year>
    
</meta>
<link>
<sublink>http://rapidgator.net/file/f6f0d6150b4a220af437c1a69bad0416/ACCMan.2018.DVDRip.XviD.AC3-EVO.avi.html(DVDRIP RD LINK)</sublink>
<sublink>http://rapidgator.net/file/0887f49e13625c6607d8c17474e25dc9/Accident.Man.2018.DVDRip.XviD.AC3-EVO.avi.html(DVDRIP RD LINK)</sublink>
<sublink>search</sublink>
<sublink>searchsd</sublink>
</link>
        
<thumbnail>https://images-na.ssl-images-amazon.com/images/M/MV5BM2Y1NWNmYTQtYTc1ZC00OWE1LWFiZWQtOWJjZDMwMTNkYmQ1XkEyXkFqcGdeQXVyOTg4MDYyNw@@._V1_.jpg</thumbnail>
<fanart>https://images-na.ssl-images-amazon.com/images/M/MV5BZmE4YTI4NjUtODYxZi00MmY0LTkwNmQtNWY2MmYwMmY3MzY1XkEyXkFqcGdeQXVyNjAyNzI2OTY@._V1_.jpg</fanart>
</item>


<item>
<title>The Stray</title>
<meta>
<content>movie</content>
<imdb>tt5342904</imdb>
<title>The Stray</title>
<year>2017</year>
    
</meta>
<link>
<sublink>http://rapidgator.net/file/9ee86cd200485ecf623346d8a21e450d/ThStr4y2017.DVDRip.XviD.AC3-EVO.avi.html(DVDRIP RD LINK)</sublink>
<sublink>http://rapidgator.net/file/75ecaa45b040aad8c65f93521554c45a/The.Stray.2017.DVDRip.XviD.AC3-EVO.avi.html(DVDRIP RD LINK)</sublink>
<sublink>search</sublink>
<sublink>searchsd</sublink>
</link>
        
<thumbnail>https://images-na.ssl-images-amazon.com/images/M/MV5BMTBlZDJjNWMtYzExYi00MjM0LTkyMWEtYWVlODI5YTRhMzRmXkEyXkFqcGdeQXVyNzc0MTgzMzU@._V1_SY1000_CR0,0,677,1000_AL_.jpg</thumbnail>
<fanart>https://images-na.ssl-images-amazon.com/images/M/MV5BZWIzMzBiMTgtMjNlNy00ZjdlLWEyOGYtMjJhMDk4NjNkODJjXkEyXkFqcGdeQXVyNTc2OTM4MDM@._V1_.jpg</fanart>
</item>


<item>
	<title>Roman J. Israel, Esq.</title>
	<meta>
		<content>movie</content>
		<imdb>tt6000478</imdb>
		<title>Roman J. Israel, Esq.</title>
		<year></year>
	</meta> 
	<link>
  <sublink>http://rapidgator.net/file/d8dc1ef252a7c4fda9a1976b9cb9bce3/R0MESQ.2017.1080p.BluRay.x264-DRONES.mkv.html(1080p RD LINK)</sublink>
  <sublink>https://rapidgator.net/file/7512d0b28ec9bab57ff8f217eed531a4/Roman.J.Israel.Esq.2017.1080p.BluRay.x264-DRONES.mkv.html(1080p RD LINK)</sublink>
   <sublink>https://rapidgator.net/file/8cdab631fb52c59bb2a78999880e4c48/R.I.E.2017.720p.BluRay.x264-DRONES.mkv.html (720p RD LINK)</sublink>
  <sublink>http://rapidgator.net/file/3ac1c626314d6844ab61f22a203aefeb/RJIESQ.2018.BRRip.XviD.AC3-EVO.avi.html(BDRIP RD LINK)</sublink>
  <sublink>search</sublink>
  <sublink>searchsd</sublink>
	</link>
	<thumbnail>https://images-na.ssl-images-amazon.com/images/M/MV5BMjMyNjkxMTg2NV5BMl5BanBnXkFtZTgwNjkyNTk0MzI@._V1_SY1000_CR0,0,674,1000_AL_.jpg</thumbnail>
</item>

<item>
  <title>The Clappers</title>
  <meta>
   <content>movie</content>
   <imdb>tt5461956</imdb>
   <title>The Clappers</title>
   <year>2017</year>
  </meta>
  <link>
  <sublink>https://rapidgator.net/file/739e9f5a09fcc4232a2dd77362afda2f/The.Clapper.2017.HDRip.XviD.AC3-EVO.avi.html(HDRIP RD LINK)</sublink>
  <sublink>http://rapidgator.net/file/1227a4a2415309feb33e4ac46190d387/Clapp3r.2017.HDRip.XviD.AC3-EVO.avi.html(HDRIP RD Link)</sublink>
  <sublink>search</sublink>
  <sublink>searchsd</sublink>
  </link>
  <thumbnail>https://images-na.ssl-images-amazon.com/images/M/MV5BZjAzYjE0YmItNjMzNy00NGYyLTlmYjMtOGNkYjBlMTAxMTM0XkEyXkFqcGdeQXVyMzEzNjQ4Mjg@._V1_.jpg</thumbnail>
 </item>
 
<item>
  <title>Downsizing</title>
  <meta>
   <content>movie</content>
   <imdb>tt1389072</imdb>
   <title>Downsizing</title>
   <year>2017</year>
  </meta>
  <link>
  <sublink>https://rapidgator.net/file/f57277e5cbc978a394884c48f2f8a18f/TwoDDL_Downsizing.2017.1080.HC.HDRip.AC3-EVO.mkv.html(1080p RD LINK)</sublink>
  <sublink>https://rapidgator.net/file/990669c801246dcd671ed70677d8bb09/TwoDDL_Downsizing.2017.720.HC.HDRip.AC3-EVO.mkv.html(720p RD LINK)</sublink>
  <sublink>https://streamango.com/f/ddktsrkdbbrtdnep/Downsizing_2017_720p_HC_HDRip_X264_AC3-EVO_mkv(720p)</sublink>
  <sublink>search</sublink>
  <sublink>searchsd</sublink>
  </link>
  <thumbnail>https://images-na.ssl-images-amazon.com/images/M/MV5BNDYxNDQ5OTYxOV5BMl5BanBnXkFtZTgwOTcyODkxNDM@._V1_SY1000_CR0,0,640,1000_AL_.jpg</thumbnail>
 </item>
 
<item>
  <title>A Futile and Stupid Gesture</title>
  <meta>
   <content>movie</content>
   <imdb>tt5566790</imdb>
   <title>A Futile and Stupid Gesture</title>
   <year>2018</year>
  </meta>
  <link>
  <sublink>https://rapidgator.net/file/0a6f542e1fa3a1b9584768be13be2b67/TwoDDL_TwoDDLA.Futile.And.Stupid.Gesture.2018.1080.WEBRip-WEBTiFUL.mkv.html(1080p RD LINK)</sublink>
  <sublink>https://rapidgator.net/file/8b9fdb013aac81571f6a47712fac3852/TwoDDL_TwoDDLA.Futile.And.Stupid.Gesture.2018.720.WEBRip-WEBTiFUL.mkv.html(720p RD LINK)</sublink>
  
  <sublink>https://rg.to/file/a254272b6a46f7a3379c02bbe2ff70a8/A.Futile.and.Stupid.Gesture.2018.HDRip.XviD.AC3-EVO.avi.html(HDRIP RD Link)</sublink>
  <sublink>search</sublink>
  <sublink>searchsd</sublink>
  </link>
  <thumbnail>https://images-na.ssl-images-amazon.com/images/M/MV5BMTg3OTQyODAwOF5BMl5BanBnXkFtZTgwMDY1MDM0NDM@._V1_SY1000_CR0,0,674,1000_AL_.jpg</thumbnail>
 </item>
 
<item>
  <title>The Neighbor</title>
  <meta>
   <content>movie</content>
   <imdb>tt3905764</imdb>
   <title>The Neighbor</title>
   <year>2017</year>
  </meta>
  <link>
  <sublink>https://rapidgator.net/file/2d6041e7cc92812e5eb8470560cec085/TwoDDL_The.Neighbor.2017.1080.WEB-DL.DD5.1.H264-FGT.mkv.html(1080p RD LINK)</sublink>
  <sublink>https://rapidgator.net/file/a7d8a313eb52a035fa6094c256710773/TwoDDL_The.Neighbor.2017.720.WEB-DL.XviD.AC3-FGT.avi.html(720p RD LINK)</sublink>
  <sublink>http://rapidgator.net/file/b70caee6a89069952c5129eee03346ee/TheNieb.2017.HDRip.XviD.AC3-EVO.avi.html(HDRIP RD Link)</sublink>
  <sublink>search</sublink>
  <sublink>searchsd</sublink>
  </link>
  <thumbnail>https://images-na.ssl-images-amazon.com/images/M/MV5BNzEzN2FmMTktZmRmMC00ZWUwLThlMDgtNTRkOTUyNDNjYjEwXkEyXkFqcGdeQXVyMjQyNDc0NTI@._V1_SY1000_CR0,0,777,1000_AL_.jpg</thumbnail>
 </item>
 
<item>
  <title>Victor Crowley</title>
  <meta>
   <content>movie</content>
   <imdb>tt5534434</imdb>
   <title>Victor Crowley</title>
   <year>2017</year>
  </meta>
  <link>
  <sublink>https://rapidgator.net/file/f2daa1a29e9d33e3cb405fb667283323/Hatchet.4.2017.BRRip.XviD.AC3-EVO.avi.html(HDRIP RD LINK)</sublink>
  <sublink>http://rapidgator.net/file/116a4d540ea2f8bbdd84d5518332f797/HatC4.2017.BRRip.XviD.AC3-EVO.avi.html(HDRIP RD Link)</sublink>
  <sublink>search</sublink>
  <sublink>searchsd</sublink>
  </link>
  <thumbnail>https://images-na.ssl-images-amazon.com/images/M/MV5BMjk2OTI2OTYxN15BMl5BanBnXkFtZTgwMzQwMTQ1NDM@._V1_SY1000_CR0,0,674,1000_AL_.jpg</thumbnail>
 </item>
 
<item>
  <title>Dawson City: Frozen Time</title>
  <meta>
   <content>movie</content>
   <imdb>tt5215486</imdb>
   <title>Dawson City: Frozen Time</title>
   <year>2016</year>
  </meta>
  <link>
  <sublink>http://rapidgator.net/file/645e187ddb55d335bf56b53d695f399f/DASFr0Time.2016.limited.720p.bluray.x264-bipolar.mkv.html (720p RD LINK)</sublink>
  <sublink>http://rapidgator.net/file/549e5639fe3b11970bf66a32e5f38366/Dawson.City.Frozen.Time.2016.DVDRip.x264-RedBlade.mkv.html(DVDRIP RD LINK)</sublink>
  <sublink>search</sublink>
  <sublink>searchsd</sublink>
  </link>
  <thumbnail>https://images-na.ssl-images-amazon.com/images/M/MV5BNGQyMjY2YzUtY2EzYi00MjA3LTkyMjEtZjA3ZGNjNDcxNWYwXkEyXkFqcGdeQXVyMTEwMzQzODU@._V1_SY1000_SX677_AL_.jpg</thumbnail>
 </item>
 
<item>
  <title>Earth: One Amazing Day</title>
  <meta>
   <content>movie</content>
   <imdb>tt6238896</imdb>
   <title>Earth: One Amazing Day</title>
   <year>2017</year>
  </meta>
  <link>
 
  <sublink>http://rapidgator.net/file/f720e8bcbd5fedc3b6aa7d04533cb78f/EatOAMZD.2017.720p.BluRay.x264.DD5.1-HDC.mkv.html(720p RD Link)</sublink>
  <sublink>http://rapidgator.net/file/502fc0a36458976fccc09f8098bf4cf2/EarOneAMaDay.2017.720p.BRRip.XviD.AC3.avi.html(720p RD Link)</sublink>
  <sublink>search</sublink>
  <sublink>searchsd</sublink>
  </link>
  <thumbnail>https://images-na.ssl-images-amazon.com/images/M/MV5BYmZhYzY2NjItZjFkMy00ZDcyLTk5NTYtNDgwOGQ1YjdiZGZjXkEyXkFqcGdeQXVyMjQzOTEyMzY@._V1_SY1000_SX675_AL_.jpg</thumbnail>
 </item>
 


<item>
  <title>God's Own Country</title>
  <meta>
   <content>movie</content>
   <imdb>tt5635086</imdb>
   <title>God's Own Country</title>
   <year>2017</year>
   <summary>Spring. Yorkshire. Young farmer Johnny Saxby numbs his daily frustrations with binge drinking and casual sex, until the arrival of a Romanian migrant worker for lambing season ignites an intense relationship that sets Johnny on a new path.</summary>
  </meta> 
  <link>
  <sublink>http://rapidgator.net/file/1f48121af37f211a757ac4227b33b977/G0dOCTR.2017.720p.BluRay.X264-AMIABLE.mkv.html(720p RD LINK)</sublink>
  <sublink>http://rapidgator.net/file/be79c8c44f769a6f750f291b1e40e551/G0DOC.2017.BDRip.X264-AMIABLE.mkv.html(BDRIP RD LINK)</sublink>
  <sublink>search</sublink>
  <sublink>searchsd</sublink>
  </link>
  <thumbnail>https://images-na.ssl-images-amazon.com/images/M/MV5BNjRhYzk2NDAtYzA1Mi00MmNmLWE1ZjQtMDBhZmUyMTdjZjBiXkEyXkFqcGdeQXVyNjk1Njg5NTA@._V1_SY1000_SX675_AL_.jpg</thumbnail>
 </item>

<item>
<title>In Search of Fellini</title>
<meta>
<content>movie</content>
<imdb>tt4801232</imdb>
<title>In Search of Fellini</title>
<year>2017</year>
    
</meta>
<link>
<sublink>http://uptobox.com/9wfzykm30c2y (DVDRIP UTB)</sublink>
<sublink>search</sublink>
<sublink>searchsd</sublink>
</link>
        
<thumbnail>https://images-na.ssl-images-amazon.com/images/M/MV5BMTUyNDkwNzYxMV5BMl5BanBnXkFtZTgwMjA4OTYxMzI@._V1_SY1000_CR0,0,674,1000_AL_.jpg</thumbnail>
<fanart>https://images-na.ssl-images-amazon.com/images/M/MV5BYjBiMjk2NjgtNzg2Ny00ZWQ3LWJlYmMtM2Q4ZDZlMDU5ZjJhXkEyXkFqcGdeQXVyNTk3MDA1MDc@._V1_.jpg</fanart>
</item>




<item>
<title>Easy to Learn, Hard to Master: The Fate of Atari</title>
<meta>
<content>movie</content>
<imdb>tt6585674</imdb>
<title>Easy to Learn, Hard to Master: The Fate of Atari</title>
<year>2017</year>
    
</meta>
<link>
<sublink>http://rapidgator.net/file/2b9e7a1fd8da945dbca2b3d760fb91a6/Easy.to.Learn.Hard.to.Master.The.Fate.of.Atari.2017.1080p.AMZN.WEB-DL.DD2.0.H.264-SiGMA.mkv.html(1080p RD LINK)</sublink>
<sublink>http://www.filefactory.com/file/cn9423dh6ph/Easy.to.Learn.Hard.to.Master.The.Fate.of.Atari.2017.1080p.AMZN.WEB-DL.DD2.0.H.264-SiGMA.mkv (1080p RD LINK)</sublink>
<sublink>http://uptobox.com/7t6va1p1e0bo (1080p UTB)</sublink>
<sublink>search</sublink>
<sublink>searchsd</sublink>
</link>
        
<thumbnail>https://images-na.ssl-images-amazon.com/images/M/MV5BNjRlNWUzZjEtMTM4NS00OGM1LTkwYjUtNzhlNjIzY2Y1MDZhXkEyXkFqcGdeQXVyNjUzNDk4NzA@._V1_SY1000_CR0,0,666,1000_AL_.jpg</thumbnail>
<fanart>https://images-na.ssl-images-amazon.com/images/M/MV5BOGJlZTk0NTUtOGQxMS00Y2IzLTljY2YtMGVlZmE5YjRhYzUxXkEyXkFqcGdeQXVyMTEzNzczMA@@._V1_.jpg</fanart>
</item>


<item>
 <title>Alien Invasion: S.U.M.1</title>
 <meta>
  <content>movie</content>
  <imdb>tt4279116</imdb>
  <title>Alien Invasion: S.U.M.1</title>
  <year>2017</year>
 </meta> 
 <link>
 <sublink>https://rapidgator.net/file/cb519d3a6d2b54d948231e69e5bc8af9/TwoDDL_Alien.Invasion.S.U.M.1.2017.1080.DTS-CHD.mkv.html(1080p RD LINK)</sublink>
 <sublink>https://rapidgator.net/file/27f7ed60d74257a74e66888b946846de/TwoDDL_Alien.Invasion.S.U.M.1.2017.720.DTS-CHD.mkv.html(720p RD LINK)</sublink>
 <sublink>http://rapidgator.net/file/0a98d279eaad08df11f0e34b9c182058/ALISum.1.2017.BRRip.XviD.AC3-EVO.avi.html(BDRIP RD Link)</sublink>
    <sublink>search</sublink>
    <sublink>searchsd</sublink>
 </link>
 <thumbnail>https://images-na.ssl-images-amazon.com/images/M/MV5BMTc5MzE1ODYwNl5BMl5BanBnXkFtZTgwMTkzMzQwNDI@._V1_SY1000_SX675_AL_.jpg</thumbnail>
</item>

<item>
 <title>Accident</title>
 <meta>
  <content>movie</content>
  <imdb>tt3313054</imdb>
  <title>Accident</title>
  <year>2017</year>
 </meta> 
 <link>
 <sublink>http://rapidgator.net/file/e5d511072ccb6eaf2de5a7e7edb69c93/curse-accident.2017.1080p.bluray.x264.mkv.html(1080p RD LINK)</sublink>
 <sublink>http://rapidgator.net/file/87b6eeddf052ab1f5c9445bc004e02b4/curse-accident.2017.720p.bluray.x264.mkv.html(720p RD LINK)</sublink>
 <sublink>http://rapidgator.net/file/9aed95cb58821e1d97a99bee00bd3a6f/curse-Accident.2017.BDRip.x264.mkv.html(BDRIP RD Link)</sublink>
    <sublink>search</sublink>
    <sublink>searchsd</sublink>
 </link>
 <thumbnail>https://images-na.ssl-images-amazon.com/images/M/MV5BZTQ5MWUyM2ItMmY5ZC00NWNjLTk1MDUtZDk1MzhjYzAxNmJiXkEyXkFqcGdeQXVyMjYwNDA2MDE@._V1_SY1000_SX750_AL_.jpg</thumbnail>
</item>

<item>
<title>24 Hours to Live</title>
<meta>
<content>movie</content>
<imdb>tt5442456</imdb>
<title>24 Hours to Live</title>
<year>2017</year>
    
</meta>
<link>
<sublink>https://rapidgator.net/file/61d6ed8cbedfd92bfc0ab1612692a13c/TwoDDL_TwoDDL24.hours.to.live.2017.1080-rovers.mkv.html(1080p RD LINK)</sublink>
<sublink>https://rapidgator.net/file/35a89d0b69b98fb4040596dc1558034a/TwoDDL_TwoDDL24.hours.to.live.2017.720-rovers.mkv.html(720p RD LINK)</sublink>
<sublink>http://www.filefactory.com/file/5du3mz19qrqj/TwoDDL_24.Hours.to.Live.2017.XviD.AC3-EVO.avi(BDRIP RD LINK)</sublink>  
<sublink>https://rapidgator.net/file/a0e29913cafd1c9e7c7ebf2b1d9c2143/TwoDDL_24.Hours.to.Live.2017.XviD.AC3-EVO.avi.html (BDRIP RD LINK)</sublink>
<sublink>search</sublink>
<sublink>searchsd</sublink>
</link>
        
<thumbnail>https://images-na.ssl-images-amazon.com/images/M/MV5BMjAyNjY0MjU1NF5BMl5BanBnXkFtZTgwMjAwNDMwNDI@._V1_SY1000_CR0,0,675,1000_AL_.jpg</thumbnail>
<fanart>https://images-na.ssl-images-amazon.com/images/M/MV5BYTZkNDAyNGUtM2ZlNS00ZGUxLWI5ZDQtOTZjMTAxOThiNmNjXkEyXkFqcGdeQXVyMTQ2ODE0NDA@._V1_SX1777_CR0,0,1777,785_AL_.jpg</fanart>
</item>

<item>
  <title>Todd and the Book of Pure Evil: The End of the End</title>
  <meta>
   <content>movie</content>
   <imdb>tt5545254</imdb>
   <title>Todd and the Book of Pure Evil: The End of the End</title>
   <year>2017</year>
  </meta>
  <link>
  <sublink>http://rapidgator.net/file/92a452e1075574c04c45599c23d44897/Todd.And.The.Book.Of.Pure.Evil.The.End.Of.The.End.2017.720p.WEB-DL.DD5.1.H264-FooKaS.mkv.html(720p RD LINK)</sublink>
  <sublink>http://rapidgator.net/file/25229ead9fb44eaa34cd096d90a4122b/T0THBEOFEND.2017.720p.WEB-DL.DD5.1.H264-FooKaS.mkv.html(720p RD Link)</sublink>
  <sublink>search</sublink>
  <sublink>searchsd</sublink>
  </link>
  <thumbnail>https://images-na.ssl-images-amazon.com/images/M/MV5BMWY1Y2QxNzktMmU1Zi00NjNmLWE1MjUtN2MyYTMyNWZhM2Q2XkEyXkFqcGdeQXVyODAwOTQxOTI@._V1_SY1000_CR0,0,708,1000_AL_.jpg</thumbnail>
 </item>
 
<item>
  <title>Literally, Right Before Aaron</title>
  <meta>
   <content>movie</content>
   <imdb>tt5758802</imdb>
   <title>Literally, Right Before Aaron</title>
   <year>2017</year>
  </meta>
  <link>
  <sublink>http://rapidgator.net/file/656991bee049371b22fdf94080abe9aa/LRBAAR.2017.1080p.WEB-DL.DD5.1.H264-FGT.mkv.html(1080p RD LINK)</sublink>
  <sublink>http://rapidgator.net/file/6e33263f25cfc68c6c6041a8e2483ebe/LIBeFAR0n.limited.2017.dvdrip.x264-lpd.mkv.html(DVDRIP RD Link)</sublink>
  <sublink>search</sublink>
  <sublink>searchsd</sublink>
  </link>
  <thumbnail>https://images-na.ssl-images-amazon.com/images/M/MV5BMTEzNjgzODY0MDZeQTJeQWpwZ15BbWU4MDQ2NDE0MjMy._V1_SY1000_CR0,0,674,1000_AL_.jpg</thumbnail>
 </item>


<item>
<title>Woody Woodpecker</title>
<meta>
<content>movie</content>
<imdb>tt2114504</imdb>
<title>Woody Woodpecker</title>
<year>2017</year>
    
</meta>
<link>
<sublink>https://rapidgator.net/file/63bd7e27fcce3730275a2a6f7737ca79/TwoDDL_Woody.Woodpecker.2017.1080.WEB-DL.DD5.1-ZMG.mkv.html (1080p RD LINK)</sublink>
<sublink>https://rapidgator.net/file/fe7126a073a9210e2ec506d98b404b65/TwoDDL_TwoDDLwoody.woodpecker.2017.720.web.h264-strife.mkv.html (720p RD LINK)</sublink>
<sublink>https://rapidgator.net/file/9a1c29eb75b1d01f01971353e038a4c8/TwoDDL_Woody.Woodpecker.2017.V2.HDRip.XviD.AC3-EVO.avi.html (HDRIP RD LINK)</sublink>
<sublink>http://uptobox.com/5lx1512mvwrr (HDRIP UTB)</sublink>
<sublink>search</sublink>
<sublink>searchsd</sublink>
</link>
        
<thumbnail>https://images-na.ssl-images-amazon.com/images/M/MV5BMzBjYjVkM2UtMGZlNC00ODUzLWJjYjktNGNhOTA0YWY5MGFlXkEyXkFqcGdeQXVyNzAwNjY1NTc@._V1_.jpg</thumbnail>
<fanart>https://images-na.ssl-images-amazon.com/images/M/MV5BY2RlYzdhZmItM2M4OC00YmYxLTg5ZGQtM2NhNjhkNjg4YTlmXkEyXkFqcGdeQXVyNzc1MTExNTk@._V1_.jpg</fanart>
</item>

        



<item>
<title>9/11</title>
<meta>
<content>movie</content>
<imdb>tt4917224</imdb>
<title>9/11</title>
<year>2017</year>
    
</meta>
<link>
<sublink>https://rapidgator.net/file/22d745915c6ff721caa84d7f8d30fcea/TwoDDL_TwoDDL9.11.2017.DVDRip-PSYCHD.mkv.html(HDRIP RD LINK)</sublink>
<sublink>http://www.filefactory.com/file/2wbm3zgvet0v/TwoDDL_TwoDDL9.11.2017.DVDRip-PSYCHD.mkv(HDRIP RD LINK)</sublink>
<sublink>search</sublink>
<sublink>searchsd</sublink>
</link>
        
<thumbnail>https://images-na.ssl-images-amazon.com/images/M/MV5BMTYxODcyODY4NV5BMl5BanBnXkFtZTgwNzA0NTc5MjI@._V1_SY1000_CR0,0,679,1000_AL_.jpg</thumbnail>
<fanart>https://images-na.ssl-images-amazon.com/images/M/MV5BNzNiNDM0OTgtNjA0ZC00NGM5LWJlNzItYTUzYzQ5ZWYxY2Q4XkEyXkFqcGdeQXVyNTQ3MjAzNTM@._V1_.jpg</fanart>
</item>

<item>
<title>Murder On The Orient Express</title>
<meta>
<content>movie</content>
<imdb>tt3402236</imdb>
<title>Murder On The Orient Express</title>
<year>2017</year>
    
</meta>
<link>
<sublink>https://rapidgator.net/file/96f99be88a724b440d4e52cc61f95afd/TwoDDL_Murder.on.the.Orient.Express.2017.1080.HC.HDRip.AC3-EVO.mkv.html (1080p RD LINK)</sublink>
<sublink>https://rapidgator.net/file/7b4d3d189ca18cf89e6757c41c2c6b2e/TwoDDL_Murder.on.the.Orient.Express.2017.720.HC.HDRip.AC3-EVO.mkv.html (720p RD LINK)</sublink>
<sublink>https://rapidgator.net/file/ea2b0ac15b8a52995684b3268765987c/TwoDDL_Murder.on.the.Orient.Express.2017.HC.HDRip.XviD.AC3-EVO.avi.html (HDRIP RD LINK)</sublink>
<sublink>http://www.filefactory.com/file/20kk7i5mlaz1/TwoDDL_Murder.on.the.Orient.Express.2017.HC.HDRip.XviD.AC3-EVO.avi (HDRIP RD LINK)</sublink>
<sublink>search</sublink>
<sublink>searchsd</sublink>
</link>
        
<thumbnail>https://images-na.ssl-images-amazon.com/images/M/MV5BNGFmM2NmYjYtMjAwNy00ZDkzLWI3ZWMtOGZhOTRhYzQwMTA0XkEyXkFqcGdeQXVyNzU2MzMyNTI@._V1_SY1000_CR0,0,674,1000_AL_.jpg</thumbnail>
<fanart>https://images-na.ssl-images-amazon.com/images/M/MV5BMjExODk3NjQ1Nl5BMl5BanBnXkFtZTgwMDgyODg0MjI@._V1_SY1000_CR0,0,1503,1000_AL_.jpg</fanart>
</item>


<item>
<title>The Rocket</title>
<meta>
<content>movie</content>
<imdb>tt5181834</imdb>
<title>The Rocket</title>
<year>2018</year>
<summary>With grand expectations from his father and the local community, a high school football star's entire future is suddenly lost, and he must find a new way to push towards greatness.</summary>
    
</meta>
<link>
<sublink>https://rapidgator.net/file/70b707175a98c24c03eba7e6a9c28b6a/R0K3t.2018.1080p.WEB-DL.DD5.1.H264-FGT.mkv.html (1080p WEB-DL RD LINK)</sublink>
<sublink>http://rapidgator.net/file/5cc4404c7bdb70e6651a536f174d16ef/R0ck3t.2018.HDRip.XviD.AC3-EVO.avi.html(HDRIP RD LINK)</sublink>
<sublink>search</sublink>
<sublink>searchsd</sublink>
</link>
        
<thumbnail>https://images-na.ssl-images-amazon.com/images/M/MV5BZDhiN2RjMjktNjU2NS00MWQ4LWI5NTAtZmFiYzMxYWYxZGEwXkEyXkFqcGdeQXVyNjk3MTAxOA@@._V1_SY1000_CR0,0,693,1000_AL_.jpg</thumbnail>
<fanart>https://images-na.ssl-images-amazon.com/images/M/MV5BNjQ1NjUxYzEtNjkxZS00ODFjLTliYmYtMDE2MjlmY2MyNjQ3XkEyXkFqcGdeQXVyNjk3MTAxOA@@._V1_SX1777_CR0,0,1777,999_AL_.jpg</fanart>
</item>


<item>
<title>Love, Kennedy</title>
<meta>
<content>movie</content>
<imdb>tt6261048</imdb>
<title>Love, Kennedy</title>
<year>2017</year>
    
</meta>
<link>
<sublink>https://rapidgator.net/file/533941d07b9619d5ea2f72507999df37/L0VKND.2017.1080p.WEB-DL.DD5.1.H264-FGT.mkv.html(1080p WEB-DL RD LINK)</sublink>
<sublink>http://rapidgator.net/file/f94d307d9cf1758209170db36b934ec0/Love.Kennedy.2017.HDRip.XviD.AC3-EVO.avi.html(HDRIP RD LINK)</sublink>
<sublink>search</sublink>
<sublink>searchsd</sublink>
</link>
        
<thumbnail>https://images-na.ssl-images-amazon.com/images/M/MV5BNWE0YTJhNjgtYWZkOC00NDYxLWIyMTctODVjNzdmNjc0ZWVjXkEyXkFqcGdeQXVyNjk4MjM0NzI@._V1_SY1000_CR0,0,679,1000_AL_.jpg</thumbnail>
<fanart>https://images-na.ssl-images-amazon.com/images/M/MV5BZTZiNTE0MTgtZGJjNC00MjFkLWJiODItOGY3ODIyZjM2MzA5L2ltYWdlXkEyXkFqcGdeQXVyNTEyNzQ0NjQ@._V1_.jpg</fanart>
</item>

<item>
<title>Tragedy Girls</title>
<meta>
<content>movie</content>
<imdb>tt3859272</imdb>
<title>Tragedy Girls</title>
<year>2017</year>
    
</meta>
<link>
<sublink>https://rapidgator.net/file/ec1d537cef9feb0393cbab9f010b9d14/TwoDDL_Tragedy.Girls.2017.1080.WEB-DL.DD5.1.H264-FGT.mkv.html (1080p WEB-DL RD LINK)</sublink>
<sublink>https://rapidgator.net/file/ce69017b4e2798d4ba9b4952449b055a/TwoDDL_Tragedy.Girls.2017.720.WEB-DL.XviD.AC3-FGT.avi.html (720p WEB-DL RD LINK)</sublink>
<sublink>search</sublink>
<sublink>searchsd</sublink>
</link>
        
<thumbnail>https://images-na.ssl-images-amazon.com/images/M/MV5BNGYzZGZlYmUtYjRkNy00MmJiLWI5YjktYWQ3NmQ0MWQ3M2I5XkEyXkFqcGdeQXVyNjEwNTM2Mzc@._V1_SY1000_CR0,0,677,1000_AL_.jpg</thumbnail>
<fanart>https://images-na.ssl-images-amazon.com/images/M/MV5BOWEzZDY3OWEtZTM4Ny00NzQ1LWFlMDMtYjk2ZTI5MjExNDhkXkEyXkFqcGdeQXVyNjEwNTM2Mzc@._V1_SX1777_CR0,0,1777,733_AL_.jpg</fanart>
</item>






<item>
<title>The Summit</title>
<meta>
<content>movie</content>
<imdb>tt6047298</imdb>
<title>The Summit</title>
<year>2017</year>
    
</meta>
<link>
<sublink>https://rapidgator.net/file/200347905dbb5905c0f424e69db4a20b/TwoDDL_TwoDDLthe.summit.2017.bdrip-bipolar.mkv.html(BDRIP RD LINK)</sublink>
<sublink>http://uptobox.com/4prol6n3lwu2 (BDRIP UTB)</sublink>
<sublink>search</sublink>
<sublink>searchsd</sublink>
</link>
        
<thumbnail>https://images-na.ssl-images-amazon.com/images/M/MV5BZWRkZWM3MDktMjNmNi00ZmNjLTgxMmUtM2YwYmRlNWU3YjEyXkEyXkFqcGdeQXVyMTMxODk2OTU@._V1_SY1000_SX700_AL_.jpg</thumbnail>
<fanart>https://images-na.ssl-images-amazon.com/images/M/MV5BNjVlNWMwMjEtZGEwMi00ODlkLTkxYjktNjA1YTM0YTkyN2E5XkEyXkFqcGdeQXVyNjA0NDY2MTU@._V1_.jpg</fanart>
</item>

<item>
<title>Little Bitches</title>
<meta>
<content>movie</content>
<imdb>tt5292624/</imdb>
<title>Little Bitches</title>
<year>2018</year>
<summary>A group of friends vow to open their college acceptance letters at the same time during the big end-of-year party.</summary>
    
</meta>
<link>
<sublink>https://rapidgator.net/file/291d28ae61e21690384fd450aa9c0b1e/TwoDDL_Little.Bitches.2018.1080.WEB-DL.DD5.1.H264-FGT.mkv.html(1080p WEB-DL RD LINK)</sublink>
<sublink>https://rapidgator.net/file/7186d06ac8b98312c40316234c0209dc/TwoDDL_Little.Bitches.2018.720.WEB-DL.XviD.AC3-FGT.avi.html(720p WEB-DL RD LINK)</sublink>
<sublink>search</sublink>
<sublink>searchsd</sublink>
</link>
        
<thumbnail>https://images-na.ssl-images-amazon.com/images/M/MV5BOWJmMjQ0NWQtNDRkYy00ZjRhLWExYjAtZDdjYmEyN2Q5NmE4XkEyXkFqcGdeQXVyNDUxMjU1NDQ@._V1_SY1000_CR0,0,704,1000_AL_.jpg</thumbnail>
<fanart>https://images-na.ssl-images-amazon.com/images/M/MV5BY2M1NWQzNDYtMDcyMS00MTc5LWFiNmQtMjEwM2UyMTQ2NDA2XkEyXkFqcGdeQXVyMTgyNDk1OTY@._V1_.jpg</fanart>
</item>





<item>
<title>Dark Meridian</title>
<meta>
<content>movie</content>
<imdb>tt5846628</imdb>
<title>Dark Meridian</title>
<year>2017</year>
    
</meta>
<link>
<sublink>https://rapidgator.net/file/da6f9a604e2596d7fef85847cd52ba9e/TwoDDL_Dark.Meridian.2017.1080.WEB-DL.DD5.1.H264-FGT.mkv.html(1080p WEB-DL RD LINK)</sublink>
<sublink>https://rapidgator.net/file/4228392d65b95bb3a99cacd7549b3d23/TwoDDL_Dark.Meridian.2017.720.WEB-DL.XviD.AC3-FGT.avi.html(720p WEB-DL RD LINK)</sublink>
<sublink>search</sublink>
<sublink>searchsd</sublink>
</link>
        
<thumbnail>https://images-na.ssl-images-amazon.com/images/M/MV5BOTYyYTc4ZDEtOWUzYi00NjQ3LWI1YTUtZjU2N2FiZDA2NzFjXkEyXkFqcGdeQXVyODkzMzQ3OA@@._V1_SY1000_SX675_AL_.jpg</thumbnail>
<fanart>https://images-na.ssl-images-amazon.com/images/M/MV5BYWEwNDdkY2YtYzM1NS00Mzg4LTkyNzktODQzYjMyZmQ5MzE1L2ltYWdlXkEyXkFqcGdeQXVyNDg4OTc2Ng@@._V1_SX1777_CR0,0,1777,741_AL_.jpg</fanart>
</item>



<iten>
      <title>Flesh and Blood</title>
    <meta>
        <content>movie</content>
        <imdb>tt4922524/</imdb>
        <title>Flesh and Blood</title>
        <year>2017</year>
    </meta>
    <link>
    <sublink>http://rapidgator.net/file/864b24360ff844b767b8aa897afc127a/F.B.2017.1080p.WEB-DL.AAC.H264-CMRG.mkv.html(1080p RD LINK)</sublink>
    <sublink>https://rapidgator.net/file/84f21cff3c10c5f768ee9ae30c6144ba/FRABL.2017.HDRip.XviD.AC3-EVO.avi.html(HDRIP RD LINK)</sublink>
    <sublink>http://rapidgator.net/file/e8e80883e96385737cbd6adf2a027808/FRABL.2017.HDRip.XviD.AC3-EVO.avi.html(HDRIP RD Link)</sublink>
    <sublink>search</sublink>
    <sublink>searchsd</sublink>
    </link>
    <thumbnail>https://images-na.ssl-images-amazon.com/images/M/MV5BMmNiYzc2NzktMWZiNi00NTliLWJiNzUtODIxN2JkN2Q4OTdiXkEyXkFqcGdeQXVyMjQ1NDQyNjQ@._V1_SY1000_CR0,0,692,1000_AL_.jpg</thumbnail>
</item>


<item>
  <title>Wastelander</title>
  <meta>
   <content>movie</content>
   <imdb>tt2651724</imdb>
   <title>Wastelander</title>
   <year>2018</year>
  </meta>
  <link>
  <sublink>https://rapidgator.net/file/d02a93e8b88ba972832b1242dc8eeb77/TwoDDL_Wastelander.2018.1080.WEB-DL.DD5.1.H264-CMRG.mkv.html(1080p RD LINK)</sublink>
  <sublink>http://rapidgator.net/file/971eebd4f21834747f85f9717951dd3b/WastLDer_2018_1080p_WEB-DL_DD5.1_H264-CMRG.mkv.html(1080p RD Link)</sublink>
  <sublink>search</sublink>
  <sublink>searchsd</sublink>
  </link>
  <thumbnail>https://images-na.ssl-images-amazon.com/images/M/MV5BZmRjN2ZjNzAtMDA5Yy00YTg5LWFhZmYtNjNiMTE1ZmQ1ZGJjXkEyXkFqcGdeQXVyMjY0NjM3Nw@@._V1_.jpg</thumbnail>
 </item>
 
<item>
  <title>Only the Brave</title>
  <meta>
   <content>movie</content>
   <imdb>tt3829920</imdb>
   <title>Only the Brave</title>
   <year>2017</year>
   <summary>Based on the true story of the Granite Mountain Hotshots, a group of elite firefighters who risk everything to protect a town from a historic wildfire</summary>
  </meta>
  <link>
  <sublink>http://rapidgator.net/file/c2e2294b980baec3a8fb74cbfc885537/OnlYTHBR.2017.1080p.WEB-DL.H264.AC3-EVO.mkv.html(1080p RD Link)</sublink>
  <sublink>https://rapidgator.net/file/c03f29247904ad48d3510f4527b8ed0a/TwoDDL_Only.The.Brave.2017.720.DTS-HDChina.mkv.html(720p RD LINK)</sublink>
  <sublink>https://rapidgator.net/file/c03f29247904ad48d3510f4527b8ed0a/TwoDDL_Only.The.Brave.2017.720.DTS-HDChina.mkv.html(720p RD LINK)</sublink>
  <sublink>http://rapidgator.net/file/8df20dc7958af78c5ea63ee4cc41f767/OnlTHBR.2017.HDRip.XviD.AC3-EVO.avi.html(HDRIP RD Link)</sublink>
  <sublink>search</sublink>
  <sublink>searchsd</sublink>
  </link>
  <thumbnail>https://images-na.ssl-images-amazon.com/images/M/MV5BMTY5ODc5OTc2M15BMl5BanBnXkFtZTgwNjM0NjIzMzI@._V1_.jpg</thumbnail>
 </item>

<item>
<title>Batman: Gotham by Gaslight</title>
<meta>
<content>movie</content>
<imdb>tt7167630</imdb>
<title>Batman: Gotham by Gaslight</title>
<year>2018</year>
<summary>In an alternative Victorian Age Gotham City, Batman begins his war on crime while he investigates a new series of murders by Jack the Ripper.</summary>
    
</meta>
<link>
<sublink>https://rapidgator.net/file/f630ff549d538ba6cc2289e96f1e84e1/TwoDDL_Batman.Gotham.by.Gaslight.2018.1080.DTS-HD.MA.5.1-MTeam.mkv.html(1080p RD LINK)</sublink>
<sublink>https://rapidgator.net/file/205f317023713e81e57dfde1fa372691/TwoDDL_Batman.Gotham.by.Gaslight.2018.1080.WEB-DL.DD5.1.H264-FGT.mkv.html(1080p RD LINK)</sublink>
<sublink>https://rapidgator.net/file/c642ec4bf3cd53a628c84d5e61d6b7d2/TwoDDL_Batman.Gotham.by.Gaslight.2018.720.DTS-MTeam.mkv.html(720p RD LINK)</sublink>
<sublink>https://rapidgator.net/file/2e19321f9ad33091eaa0bee0364f3248/TwoDDL_Batman.Gotham.by.Gaslight.2018.720.WEB-DL.H264.AC3-EVO.mkv.html(720p WEB-DL RD LINK)</sublink>
<sublink>https://rapidgator.net/file/ab25c77c1b3cd8782f86f17a1a8aa8c5/TwoDDL_Batman.Gotham.by.Gaslight.2018.HDRip.XviD.AC3-EVO.avi.html(HDRIP RD LINK)</sublink>
<sublink>search</sublink>
<sublink>searchsd</sublink>
</link>
        
<thumbnail>https://images-na.ssl-images-amazon.com/images/M/MV5BYTJhNjYyMGItODdhOC00ZTZmLTk1MTMtZDRhMmZkYTRiOGJkXkEyXkFqcGdeQXVyMTg2NjYzOA@@._V1_.jpg</thumbnail>
<fanart>https://images-na.ssl-images-amazon.com/images/M/MV5BNjNlNmIzZjgtOWM3Zi00YjMzLTk3YmYtMTI5YzBkM2RlZTBlXkEyXkFqcGdeQXVyMTg2NjYzOA@@._V1_SX1777_CR0,0,1777,999_AL_.jpg</fanart>
</item>

<item>
<title>Suburbicon</title>
<meta>
<content>movie</content>
<imdb>tt0491175</imdb>
<title>Suburbicon</title>
<year>2017</year>
<summary>As a 1950s suburban community self-destructs, a home invasion has sinister consequences for one seemingly normal family.</summary>
    
</meta>
<link>
<sublink>http://www.filefactory.com/file/5vkz0kzuy0qf/dmd-suburbicon.2017.bdrip.x264.mkv(1080p RD LINK)</sublink>
<sublink>http://rapidgator.net/file/3b43e4a19da59e81fddfbe894fe5d649/rep-subrc.2017.1080p.bluray.x264.mkv.html(1080p RD LINK)</sublink>
<sublink>http://rapidgator.net/file/11a7a8413a9f2039b1633e49a733513c/rep-subRC.2017.720p.bluray.x264.mkv.html(720p RD LINK)</sublink>
<sublink>https://rapidgator.net/file/02ee705d14f9458d489cb66497c3b645/dmd-suburbicon.2017.bdrip.x264.mkv.html(BDRIP RD LINK)</sublink>
<sublink>https://rapidgator.net/file/00c411cb39d6663ec155de0d618acbc5/dmd-suburbicon.2017.bdrip.x264.mkv.html(BDRIP RD LINK)</sublink>
<sublink>search</sublink>
<sublink>searchsd</sublink>
</link>
        
<thumbnail>https://images-na.ssl-images-amazon.com/images/M/MV5BMTA3MjA1NDkxMTReQTJeQWpwZ15BbWU4MDU2Njg3NDMy._V1_SY1000_CR0,0,639,1000_AL_.jpg</thumbnail>
<fanart>https://images-na.ssl-images-amazon.com/images/M/MV5BMGI0NGIxNzEtMWFjYS00NThmLTllZjEtNzIzMjY5NGRlZGU3XkEyXkFqcGdeQXVyNzg2ODI2OTU@._V1_SX1777_CR0,0,1777,737_AL_.jpg</fanart>
</item>


<item>
<title>Thor: Ragnarok</title>
<meta>
<content>movie</content>
<imdb>tt3501632</imdb>
<title>Thor: Ragnarok</title>
<year>2017</year>
<summary>Imprisoned, the mighty Thor finds himself in a lethal gladiatorial contest against the Hulk, his former ally. Thor must fight for survival and race against time to prevent the all-powerful Hela from destroying his home and the Asgardian civilization.</summary>
    
</meta>
<link>
<sublink>https://1fichier.com/?8616i33m74(1080p Real Debrid Only)</sublink>
<sublink>https://weshare.me/5011dbf195b15839/Thor.Ragnarok.2017.1080p.WEB-DL.X264.AC3-EVO.mkv(1080p Weshare)</sublink>
<sublink>https://openload.co/f/duWEkrHGyyI/Thor.Ragnarok.2017.1080p.WEB-DL.X264.AC3-EVO.mkv(1080p OL)</sublink>
<sublink>https://uptostream.com/xb5ihsafo3tv (1080p UTB)</sublink>
<sublink>https://streamango.com/f/akoqottemmlbmpfs/Thor_Ragnarok_2017_1080p_WEB-DL_X264_AC3-EVO_mkv(1080p)</sublink>
<sublink>https://weshare.me/2c7b998328a9dfad/Thor.Ragnarok.2017.1080p.WEB-DL.X264.AC3-EVO.mkv(1080p Weshare)</sublink>
<sublink>https://1fichier.com/?rvgh67v16l&af=62851(720p Real Debrid Only)</sublink>
<sublink>https://uptobox.com/edodws7ytvu7(720p UTB)</sublink>
<sublink>https://openload.co/f/wyqx2BO9m5c/TwoDDL_Tr.Ragn.2017.720p.WEB-DL.H264.AC3-EVO.mkv.mp4(720p OL)</sublink>
<sublink>https://streamango.com/f/orkmsadssnplsmnf/Thor_Ragnarok_2017_720p_SUP_mkv(720p)</sublink>
<sublink>https://streamcherry.com/f/lorsmcsebosafrnm/Thor_Ragnarok_2017_HDRip_XviD_AC3-EVO_avi_mp4(HDRIP)</sublink>
<sublink>https://openload.co/f/LRlVZv99WEM/Thor.Ragnarok.2017.HDRip.XviD.AC3-EVO.avi.mp4(HDRIP OL)</sublink>
<sublink>
<sublink>search</sublink>
<sublink>searchsd</sublink>
</link>
        
<thumbnail>https://images-na.ssl-images-amazon.com/images/M/MV5BMTkwODAyNzA5OV5BMl5BanBnXkFtZTgwNTM0NjIzMzI@._V1_SY1000_CR0,0,674,1000_AL_.jpg</thumbnail>
<fanart>https://images-na.ssl-images-amazon.com/images/M/MV5BMjdhY2RmOTktODFhOC00MjA5LTg3ZDctYThlMTIyZjY5NWZmXkEyXkFqcGdeQXVyNDYzODU1ODM@._V1_.jpg</fanart>
</item>

<item>
<title>Scare Campaign</title>
<meta>
<content>movie</content>
<imdb>tt4467626</imdb>
<title>Scare Campaign</title>
<year>2016</year>
    
</meta>
<link>
<sublink>http://rapidgator.net/file/8b0c086aef6d66725c4aeb8df95a1646/curse-Scare.Campaign.2016.BDRip.x264.mkv.html(BDRIP RD LINK)</sublink>
<sublink>search</sublink>
<sublink>searchsd</sublink>
</link>
        
<thumbnail>https://images-na.ssl-images-amazon.com/images/M/MV5BNTQyMzIwODg2Ml5BMl5BanBnXkFtZTgwMjg4MDExMDI@._V1_SY1000_CR0,0,666,1000_AL_.jpg</thumbnail>
<fanart></fanart>
</item>


<item>
<title>Mom And Dad</title>
<meta>
<content>movie</content>
<imdb>tt5462326</imdb>
<title>Mom And Dad</title>
<year>2017</year>
    
</meta>
<link>
<sublink>https://weshare.me/5bbf2e7c605236db/Mom.and.Dad.2018.1080p.WEB-DL.DD5.1.H264-CMRG.mkv.mp4(1080p Weshare)
<sublink>https://openload.co/f/JGcPXc-uu-g/Mom.and.Dad.2018.1080p.WEB-DL.DD5.1.H264-CMRG.mkv.mp4(1080p OL)</sublink>
<sublink>https://uptobox.com/ciii9b3vxlil (720p UTB)</sublink>
<sublink>http://dl2.lavinmovie.ir/movie/2017/Mom.and.Dad.2017.720p.WEB-DL.MkvCage-LavinMovie.mkv(720p)</sublink>
<sublink>https://streamcherry.com/f/qlplkqosmpeebnld/Mom_and_Dad_720p_WEBRip_mp4(720p)</sublink>
<sublink>https://weshare.me/85aaf97b7a86ccc0/Mom_and_Dad_[720p]_WEBRip.mp4(720p Weshare)</sublink>
<sublink>https://openload.co/f/i575Z3KYgcY/Mom_and_Dad%5B720p%5D_WEBRip.mp4(720p OL)</sublink>
<sublink>https://rapidgator.net/file/a1de0b7a88cc447f6349c350aa746281/TwoDDL_Mom.and.Dad.2018.HDRip.XviD.AC3-EVO.avi.html (HDRIP RD LINK)</sublink>
<sublink>search</sublink>
<sublink>searchsd</sublink>
</link>
        
<thumbnail>https://images-na.ssl-images-amazon.com/images/M/MV5BMjdmMTAwZTQtMTBiMi00OTcyLThiYTItOTgwOTI0YzJlN2E1XkEyXkFqcGdeQXVyNjEwNTM2Mzc@._V1_SY1000_CR0,0,674,1000_AL_.jpg</thumbnail>
<fanart>https://images-na.ssl-images-amazon.com/images/M/MV5BNGQxM2E3N2ItNzM3Yi00YzVjLTkwZDYtYmExMDE5MTFiYTI3XkEyXkFqcGdeQXVyNjEwNTM2Mzc@._V1_SX1777_CR0,0,1777,744_AL_.jpg</fanart>
</item>

<item>
<title>A Bad Moms Christmas</title>
<meta>
<content>movie</content>
<imdb>tt6359956</imdb>
<title>A Bad Moms Christmas</title>
<year>2017</year>
<genre></genre>
</meta>
<link>
<sublink>https://rapidgator.net/file/dde8dedecdd8950b144f32d916dc4107/TwoDDL_TwoDDLA.Bad.Moms.Christmas.2017.1080-DRONES.mkv.html (1080p RD LINK)</sublink>
<sublink>https://rapidgator.net/file/9f538b2b1001cd17f37af7444dfa8339/TwoDDL_A.Bad.Moms.Christmas.2017.1080.WEB-DL.AC3-EVO.mkv.html (1080p RD LINK)</sublink>
<sublink>https://rapidgator.net/file/3a5534dd7f0b7aa69dfd2552c6948b31/TwoDDL_TwoDDLA.Bad.Moms.Christmas.2017.720-DRONES.mkv.html (720p RD LINK)</sublink>
<sublink>https://rapidgator.net/file/f971f3df0d466427da33763c88c1cc67/TwoDDL_TwoDDLA.Bad.Moms.Christmas.2017-DRONES.mkv.html (BDRIP RD LINK)</sublink>
<sublink>http://www.filefactory.com/file/460669ay804j/TwoDDL_TwoDDLA.Bad.Moms.Christmas.2017-DRONES.mkv (BDRIP RD LINK)</sublink>
<sublink>search</sublink>
</link>
<thumbnail>https://images-na.ssl-images-amazon.com/images/M/MV5BMTUwNTA4MDMxNl5BMl5BanBnXkFtZTgwMjE4NjQ0MzI@._V1_UY1200_CR90,0,630,1200_AL_.jpg</thumbnail>
<fanart>https://cdn.empireonline.com/jpg/80/0/0/1000/563/0/north/0/0/0/0/0/t/films/431530/images/oR4u6ZlLx0nVUuq1OfYKuwVhtkg.jpg</fanart>
</item>

<item>
<title>American Satan</title>
<meta>
<content>movie</content>
<imdb>tt5451690</imdb>
<title>American Satan</title>
<year>2017</year>
    
</meta>
<link>
<sublink>https://rapidgator.net/file/580b9dd7c0da901339a5f128fee8a302/TwoDDL_TwoDDLAmerican.Satan.2017.1080-AMIABLE.mkv.html(1080p RD LINK)</sublink>
<sublink>https://streamango.com/f/mmonlkekqqbqsmto/American_Satan_2018_1080_WEB-DL_H264_AC3-EVO_mkv(1080p)</sublink>
<sublink>https://rapidgator.net/file/2c5f3e7df620f25aef8fb17cc8182a37/TwoDDL_TwoDDLAmerican.Satan.2017.720-AMIABLE.mkv.html(720p RD LINK)</sublink>
<sublink>https://streamango.com/f/kalbnlmpdmpaqlar/American_Satan_mp4(HDRIP)</sublink>
<sublink>search</sublink>
<sublink>searchsd</sublink>
</link>
        
<thumbnail>https://image.tmdb.org/t/p/w640/cr6ucnzCo7V3VP38tdqpShGp6jf.jpg</thumbnail>
<fanart>https://image.tmdb.org/t/p/w533_and_h300_bestv2/5otnOEk546lpoBza4otdmaVzKcL.jpg</fanart>
</item>



 <item>
  <title>Brawl in Cell Block 99</title>
  <meta>
  <content>movie</content>
  <imdb>tt5657856</imdb>
  <title>Brawl in Cell Block 99</title>
  <year>2017</year>
      
  </meta>
  <link>
  <sublink>https://rapidgator.net/file/1995151898dc24bf218185e12f8b089f/TwoDDL_Brawl.in.Cell.Block.99.2017.1080-AMIABLE.mkv.html(1080p RD LINK)</sublink>
  <sublink>search</sublink>
  <sublink>searchsd</sublink>
  </link>
          
  <thumbnail>https://images-na.ssl-images-amazon.com/images/M/MV5BMzQ4MjEyNjg4Nl5BMl5BanBnXkFtZTgwOTY1NDEzMzI@._V1_SY1000_CR0,0,674,1000_AL_.jpg</thumbnail>
  <fanart>https://images-na.ssl-images-amazon.com/images/M/MV5BMTBhYjIzZWQtZjJkOS00Njc1LTgxMWQtYmRiMGM5YzNkODkzXkEyXkFqcGdeQXVyNjUwNzk3NDc@._V1_SX1777_CR0,0,1777,999_AL_.jpg</fanart>
  </item>

 





<item>
<title>Maze</title>
<meta>
<content>movie</content>
<imdb>tt5752606</imdb>
<title>Maze</title>
<year>2017</year>
    
</meta>
<link>
<sublink>https://rapidgator.net/file/ea7d103e683e7ff6b4174cdfcc4a47d5/TwoDDL_TwoDDLMaze.2017.1080-AMIABLE.mkv.html(1080p RD LINK)</sublink>
<sublink>https://rapidgator.net/file/0b87c6dbac70bbb47892783d8d1350f1/TwoDDL_TwoDDLMaze.2017.720-AMIABLE.mkv.html (720p RD LINK)</sublink>
<sublink>search</sublink>
<sublink>searchsd</sublink>
</link>
        
<thumbnail>https://images-na.ssl-images-amazon.com/images/M/MV5BZGRiZWMzMDgtYTFhZS00Y2U4LWI5NDItYWNkMWQ1OTIyM2JlXkEyXkFqcGdeQXVyNzQ5MzY0NjM@._V1_.jpg</thumbnail>
<fanart>https://images-na.ssl-images-amazon.com/images/M/MV5BZDc4YTljOTYtOTZkZS00MmI0LWIyNmQtYTVhMGRiZmFmNGI3XkEyXkFqcGdeQXVyNDU5ODc3OTU@._V1_.jpg</fanart>
</item>


