
<dir>
      <title>****************Boss Screeners*****************</title>
    
      <link></link> 
          
      <thumbnail></thumbnail>
          
          
      <fanart></fanart>
        
      <summary></summary>

</dir>



<item>
<title>[COLOR gold]Screeners[/COLOR]</title>
</item>

<item>
<title>* Call Me by Your Name (2017)</title>
<meta>
<content>movie</content>
<imdb>tt5726616</imdb>
<title>Call Me by Your Name</title>
<year>2017</year>
</meta>
<link>
<sublink>https://uptobox.com/pcx4x05byltc(DVD Screener)</sublink>
<sublink>search</sublink>
<sublink>searchsd</sublink>
</link>
<thumbnail>https://image.tmdb.org/t/p/original/tcNniniS4rfqrLH0oORikJfnIwY.jpg</thumbnail>
<fanart>https://image.tmdb.org/t/p/original/t5fV72V36klctujiMNKdY6tlcxG.jpg</fanart>
</item>

<item>
<title>* Coco (2017)</title>
<meta>
<content>movie</content>
<imdb>tt2380307</imdb>
<title>Coco</title>
<year>2017</year>
</meta>
<link>
<sublink>http://uptobox.com/p6csief9x8k8(DVD Screener)</sublink>
<sublink>search</sublink>
<sublink>searchsd</sublink>
</link>
<thumbnail>https://image.tmdb.org/t/p/w640/eKi8dIrr8voobbaGzDpe8w0PVbC.jpg</thumbnail>
<fanart>https://image.tmdb.org/t/p/w533_and_h300_bestv2/askg3SMvhqEl4OL52YuvdtY40Yb.jpg</fanart>
</item>

<item>
        <title>Darkest Hour</title>
        <meta>
                <content>movie</content>
                <imdb>tt4555426</imdb
                <title>Darkest Hour</title>
                <year>2017</year>
                
        </meta>
        <link>
                <sublink>http://uptobox.com/rabkpfieoccp(DVD Screener)</sublink>
                <sublink>search</sublink>
                <sublink>searchsd</sublink>
        </link>
        
        <thumbnail>https://image.tmdb.org/t/p/w640/d2gXEmt6RaU6Ji1Abkfr76kzSlA.jpg</thumbnail>
        <fanart>https://image.tmdb.org/t/p/w533_and_h300_bestv2/krrhg14FJJdvV39EUxEP9eADCH1.jpg</fanart>
</item>

<item>
<title>The Disaster Artist (2017)</title>
<meta>
<content>movie</content>
<imdb>tt3521126</imdb>
<title>The Disaster Artist</title>
<year>2017</year>
</meta>
<link>
<sublink>http://uptobox.com/w5rym3a2iv89(DVD SCREENER)</sublink>
<sublink>search</sublink>
<sublink>searchsd</sublink>
</link>
<thumbnail>https://image.tmdb.org/t/p/original/jj84nF5vYRD0HUTowBKcrKk8hZP.jpg</thumbnail>
<fanart>https://image.tmdb.org/t/p/original/bAI7aPHQcvSZXvt7L11kMJdS0Gm.jpg</fanart>
</item>

<item>
<title>The Florida Project (2017)</title>
<meta>
<content>movie</content>
<imdb>tt5649144</imdb>
<title>The Florida Project</title>
<year>2017</year>
</meta>
<link>
<sublink>http://uptobox.com/86wyqav5diop(DVD SCREENER)</sublink>
<sublink>search</sublink>
<sublink>searchsd</sublink>
</link>
<thumbnail>https://image.tmdb.org/t/p/original/bnSTP1PY2fDyat0eUa4QouuGV7F.jpg</thumbnail>
<fanart>https://image.tmdb.org/t/p/original/grkrB7yXn7Dj5kBhe4I7RX6uEH9.jpg</fanart>
</item>

<item>
<title>I Love You, Daddy (2017)</title>
<meta>
<content>movie</content>
<imdb>tt7264080</imdb>
<title>I Love You, Daddy</title>
<year>2017</year>
</meta>
<link>
<sublink>https://uptobox.com/cjo9hrh6wt2i(DVD Screener)</sublink>
<sublink>search</sublink>
<sublink>searchsd</sublink>
</link>
<thumbnail>https://image.tmdb.org/t/p/original/oyacgMEIrYFKE8bMW2ydAotJTU3.jpg</thumbnail>
<fanart>https://image.tmdb.org/t/p/original/lY4FsJM6ZTpXH06vhpdShgvS3zu.jpg</fanart>
</item>

<item>
<title>I, Tonya (2017)</title>
<meta>
<content>movie</content>
<imdb>tt5580036</imdb>
<title>I, Tonya</title>
<year>2017</year>
</meta>
<link>
<sublink>https://uptobox.com/9s9qfuyseqow(DVD Screener)</sublink>
<sublink>search</sublink>
<sublink>searchsd</sublink>
</link>
<thumbnail>https://image.tmdb.org/t/p/original/6gNXwSHxaksR1PjVZRqNapmkgj3.jpg</thumbnail>
<fanart>https://image.tmdb.org/t/p/original/5owIV2sqdfILBKyOOIkLYVqanZp.jpg</fanart>
</item>

<item>
<title>Lady Bird (2017)</title>
<meta>
<content>movie</content>
<imdb>tt4925292</imdb>
<title>Lady Bird</title>
<year>2017</year>
</meta>
<link>
<sublink>https://uptobox.com/fxixkzviuted(DVD Screener)</sublink>
<sublink>search</sublink>
<sublink>searchsd</sublink>
</link>
<thumbnail>https://image.tmdb.org/t/p/original/iySFtKLrWvVzXzlFj7x1zalxi5G.jpg</thumbnail>
<fanart>https://image.tmdb.org/t/p/original/kQ3OXX5SgDPBi1wt83HX7VShQG8.jpg</fanart>
</item>


<item>
        <title>Molly's Game</title>
        <meta>
                <content>movie</content>
                <imdb>tt4209788</imdb>
                <title>Molly's Game</title>
                <year>2017</year>
        </meta>
        <link>
        <sublink>https://uptobox.com/ha67md3m0tta(DVD Screener)</sublink>
        <sublink>https://www.oboom.com/W6CBM0YD/Mlly.DSCC8.avi (OBOOM RD)
        <sublink>https://openload.co/f/olUmpxFYfX8(Openload DVD Screener)</sublink>
        <sublink>https://streamango.com/f/omscdftadedmrsps/Mollys_Game_2017_DVDScr_XVID_AC3_HQ_Hive-CM8_avi_mp4(Screener)</sublink>       
                <sublink>search</sublink>
                <sublink>searchsd</sublink>
        </link>
        <animated_thumbnail></animated_thumbnail>
        <thumbnail>https://filmwonk.files.wordpress.com/2017/12/mollys-game-film-poster.jpg</thumbnail>
    <animated_fanart></animated_fanart>
        <fanart>https://cine-vue.com/wp-content/uploads/2017/12/molly-e1502810651842.jpg</fanart>
</item>

<item>
<title>The Shape Of Water</title>
<meta>
<content>movie</content>
<imdb>tt5580390</imdb>
<title>The Shape Of Water</title>
<year>2017</year>
</meta>
<link>
<sublink>https://weshare.me/192408bdb15116fe/The.Shape.of.Water.2017.DVDScr.XVID.AC3.HQ.Hive-CM8.avi(DVD Screener Weshare)</sublink>
<sublink>search</sublink>
</link>
<thumbnail>https://upload.wikimedia.org/wikipedia/en/3/37/The_Shape_of_Water_%28film%29.png</thumbnail>
<fanart>https://dg7kra6zb39sn.cloudfront.net/media/core/viewport-template/film_viewport_template/story_bg_image-2faac00e-29cb-4107-b7f2-fb8_9tJrB8e.jpg</fanart>
</item>

<item>
<title>Three Billboards Outside Ebbing, Missouri (2017)</title>
<meta>
<content>movie</content>
<imdb>tt5027774</imdb>
<title>Three Billboards Outside Ebbing, Missouri</title>
<year>2017</year>
</meta>
<link>
<sublink>https://uptobox.com/6356d3kxy9ci(DVD Screener)</sublink>
<sublink>search</sublink>
<sublink>searchsd</sublink>
</link>
<thumbnail>https://image.tmdb.org/t/p/original/dDZzlYNas6zCqTcOaJIKITpHkQG.jpg</thumbnail>
<fanart>https://image.tmdb.org/t/p/original/bJLJAtGjBj836UjJZNOwgrfe5Ps.jpg</fanart>
</item>

<item>
<title>Wonder Wheel (2017)</title>
<meta>
<content>movie</content>
<imdb>tt5825380</imdb>
<title>Wonder Wheel</title>
<year>2017</year>
</meta>
<link>
<sublink>http://uptobox.com/jk8cx60e6s05(DVD Screener)</sublink>
<sublink>search</sublink>
<sublink>searchsd</sublink>
</link>
<thumbnail>https://image.tmdb.org/t/p/w640/fPXn8SW4pa4kJErAIAJLmb3Znns.jpg</thumbnail>
<fanart>https://image.tmdb.org/t/p/w533_and_h300_bestv2/aIpIXxRglCjkjMbl7DgqkchjvQ3.jpg</fanart>
</item>

